,UUID,DATUM_AEND,DATUM_ERST,ERSTELL_J,ERSTELL_M,REVISION_J,REVISION_M,GRUND_AEND,HERKUNFT,HERKUNFT_J,HERKUNFT_M,OBJEKTART,BEZIRKSNUM,SEE_FLAECH,REVISION_Q,BEZIRKSFLA,BEZIRK_TEI,NAME,KANTONSNUM,ICC,EINWOHNERZ
0,{9D91928E-115F-43DA-AF90-10625E58B7F9},20161114115308,20121026122135,2012,10,2020,1,Verbessert,swisstopo,2017,1,Bezirk,1850,,2019_Aufbau,137356.0,0,Surselva,18,CH,21483.0
1,{18B8E2A0-F043-4198-87FC-119BA9F5E762},20171205081628,20121026122135,2012,10,2020,1,Verbessert,swisstopo,2018,1,Bezirk,250,0.0,2019_Aufbau,122931.0,0,Interlaken-Oberhasli,2,CH,47387.0
2,{1C504398-486E-49F8-A024-B59233F9DE89},20181122134129,20121026122135,2012,10,2020,1,Verbessert,AV,2019,1,Bezirk,1843,,2019_Aufbau,119653.0,0,Engiadina Bassa/Val Müstair,18,CH,9200.0
3,{FDA49AE0-D4C8-43EF-9275-0624413C5949},20181122134130,20121026122135,2012,10,2020,1,Verbessert,AV,2019,1,Bezirk,1846,,2019_Aufbau,97357.0,0,Maloja,18,CH,18259.0
4,{25673BF2-FF32-48E3-AA80-880EA3D4B856},20181122120935,20121026122134,2012,10,2020,1,Verbessert,AV,2019,1,Bezirk,246,,2019_Aufbau,94346.0,1,Bern-Mittelland,2,CH,414356.0
5,{03FA50E3-8AD9-4F27-ABA1-BB95F7D4F4B2},20161114115235,20121026122135,2012,10,2020,1,Verbessert,swisstopo,2017,1,Bezirk,1849,,2019_Aufbau,85340.0,0,Prättigau/Davos,18,CH,26083.0
6,{126D2D0A-1109-46A6-9405-BEA0DAE0F21F},20151208153210,20121026122134,2012,10,2020,1,Verbessert,AV,2015,12,Bezirk,2313,,2019_Aufbau,86420.0,1,Visp,23,CH,28454.0
7,{A0763AC7-DD66-4755-8D3A-EA3521481097},20171205081628,20121026122135,2012,10,2020,1,Verbessert,swisstopo,2018,1,Bezirk,249,2.0,2019_Aufbau,77365.0,0,Frutigen-Niedersimmental,2,CH,40375.0
8,{37CE1747-36A0-41CE-9FBF-72D7A75FE695},20171205081628,20121026122134,2012,10,2020,1,Verbessert,swisstopo,2018,1,Bezirk,2224,1.0,2019_Aufbau,70100.0,0,Jura-Nord vaudois,22,CH,91971.0
9,{78DC04A9-2163-4FD8-9889-3698EBB7170F},20151208153209,20121026122135,2012,10,2020,1,Verbessert,AV,2015,12,Bezirk,245,,2019_Aufbau,69041.0,0,Emmental,2,CH,97218.0
10,{06300E1F-6D35-4736-92AF-27B88289BD30},20161209092536,20121026122135,2012,10,2020,1,Verbessert,swisstopo,2017,1,Bezirk,1841,,2019_Aufbau,68351.0,0,Albula,18,CH,8120.0
11,{03CE7FDE-E6C6-4892-88F5-7E7FAFC7B30B},20181122134130,20121026122134,2012,10,2020,1,Verbessert,AV,2019,1,Bezirk,2303,,2019_Aufbau,63297.0,0,Entremont,23,CH,15261.0
12,{7900C1FD-D2F7-4435-93A0-94328BA0264F},20181122134129,20121026122135,2012,10,2020,1,Verbessert,AV,2019,1,Bezirk,1851,,2019_Aufbau,62759.0,0,Viamala,18,CH,13597.0
13,{33D7C9DE-7699-45CB-9F48-8D21CE02F914},20191106080428,20121026122134,2012,10,2020,1,Verbessert,swisstopo,2019,6,Bezirk,2104,4139.0,2019_Aufbau,59195.0,0,Locarno,21,CH,64075.0
14,{8390D07D-DBE4-4794-B610-54C3E8920F6B},20181122134129,20121026122135,2012,10,2020,1,Verbessert,AV,2019,1,Bezirk,2304,,2019_Aufbau,58920.0,0,Goms,23,CH,4440.0
15,{6F3377FF-A1B8-497B-AE23-D478A8C883E6},20191106080428,20121026122134,2012,10,2020,1,Verbessert,swisstopo,2019,6,Bezirk,248,,2019_Aufbau,57487.0,0,Obersimmental-Saanen,2,CH,16588.0
16,{C3819D5E-9908-436B-B20E-94421D43D055},20191106080428,20121026122135,2012,10,2020,1,Verbessert,swisstopo,2019,6,Bezirk,2108,,2019_Aufbau,56938.0,0,Vallemaggia,21,CH,5970.0
17,{F5397912-3827-4737-A385-C6809D4A172A},20191106080428,20121026122134,2012,10,2020,1,Verbessert,swisstopo,2019,6,Bezirk,241,0.0,2019_Aufbau,54172.0,1,Jura bernois,2,CH,53721.0
18,{F9AA268E-F663-4536-89BF-0280D5859BC9},20151208153209,20121026122135,2012,10,2020,1,Verbessert,AV,2015,12,Bezirk,1725,1461.0,2019_Aufbau,53235.0,0,Sarganserland,17,CH,40714.0
19,{66077144-03F1-4245-A1CC-56B455911C15},20151208153209,20121026122135,2012,10,2020,1,Verbessert,AV,2015,12,Bezirk,506,1240.0,2019_Aufbau,50672.0,0,Schwyz,5,CH,55382.0
20,{4CF13AC4-A25F-4E00-BBE2-497F0FA92BFD},20161209092536,20121026122135,2012,10,2020,1,Verbessert,swisstopo,2017,1,Bezirk,1003,835.0,2019_Aufbau,49819.0,0,La Gruyère,10,CH,55726.0
21,{3A57339B-C334-470D-97EB-93AFC7AE136A},20161114113508,20121026122135,2012,10,2020,1,Verbessert,swisstopo,2017,1,Bezirk,1847,,2019_Aufbau,49606.0,0,Moesa,18,CH,8566.0
22,{7608AC68-06B8-4D83-813B-A79CA8BF4B8D},20151208153209,20121026122134,2012,10,2020,1,Verbessert,AV,2015,12,Bezirk,1727,,2019_Aufbau,48859.0,0,Toggenburg,17,CH,46452.0
23,{C01D7627-510B-486B-BE3C-9631EDD24CF0},20191106080428,20121026122135,2012,10,2020,1,Verbessert,swisstopo,2019,6,Bezirk,2103,,2019_Aufbau,47953.0,0,Leventina,21,CH,9113.0
24,{265521B9-B343-4212-A133-2EA3EFEC2D93},20191106080428,20121026122135,2012,10,2020,1,Verbessert,swisstopo,2019,6,Bezirk,2221,1.0,2019_Aufbau,43501.0,0,Aigle,22,CH,45589.0
25,{28F4E017-B9D2-4E7D-9ADD-152447FE6A37},20151208153209,20121026122135,2012,10,2020,1,Verbessert,AV,2015,12,Bezirk,2301,,2019_Aufbau,43419.0,0,Brig,23,CH,26911.0
26,{38F4F0AC-5F77-48AD-A4FD-C39E45598ED6},20151208153209,20121026122134,2012,10,2020,1,Verbessert,AV,2015,12,Bezirk,316,,2019_Aufbau,42459.0,0,Entlebuch,3,CH,23460.0
27,{6044853D-56F7-493E-93CC-3D9E2608DAF4},20181122134129,20121026122135,2012,10,2020,1,Verbessert,AV,2019,1,Bezirk,2311,,2019_Aufbau,41837.0,0,Sierre,23,CH,49230.0
28,{15A1FB4D-39DC-463E-8683-0779F4F0062E},20181122134130,20121026122134,2012,10,2020,1,Verbessert,AV,2019,1,Bezirk,2305,,2019_Aufbau,46607.0,1,Hérens,23,CH,10862.0
29,{82E2EBCA-9E11-40EE-A008-E4C5655676F4},20151208153209,20121026122134,2012,10,2020,1,Verbessert,AV,2015,12,Bezirk,2227,0.0,2019_Aufbau,37307.0,0,Morges,22,CH,82609.0
30,{E5E737D4-F808-4432-BEAE-C6FCC71CA2E0},20151209151017,20121026122135,2012,10,2020,1,Verbessert,AV,2015,12,Bezirk,2102,,2019_Aufbau,36058.0,0,Blenio,21,CH,5682.0
31,{8091C6EB-0310-4108-868F-EE308DEB872E},20181122134129,20121026122134,2012,10,2020,1,Verbessert,AV,2019,1,Bezirk,2105,2812.0,2019_Aufbau,33606.0,0,Lugano,21,CH,151592.0
32,{3F768EDE-9BF6-467D-BB56-325D84B1E3B6},20191106081130,20121026122135,2012,10,2020,1,Verbessert,swisstopo,2019,6,Bezirk,315,,2019_Aufbau,33742.0,0,Willisau,3,CH,54219.0
33,{77C8C0A5-7819-416F-AFEA-648E05CE91C6},20181122120935,20121026122135,2012,10,2020,1,Verbessert,AV,2019,1,Bezirk,243,3.0,2019_Aufbau,33679.0,0,Seeland,2,CH,74769.0
34,{9AAFFDEF-8FED-4D54-B2DC-D4A61A9D9859},20151209151017,20121026122135,2012,10,2020,1,Verbessert,AV,2015,12,Bezirk,2306,,2019_Aufbau,33527.0,0,Leuk,23,CH,12355.0
35,{5B11E9B1-61E5-43C0-B431-88FB1DDC31AC},20191106080428,20121026122135,2012,10,2020,1,Verbessert,swisstopo,2019,6,Bezirk,2603,,2019_Aufbau,33509.0,0,Porrentruy,26,CH,24440.0
36,{D043C955-84F3-4253-8998-D04C353A82B1},20151209151017,20121026122135,2012,10,2020,1,Verbessert,AV,2015,12,Bezirk,244,,2019_Aufbau,33083.0,0,Oberaargau,2,CH,81759.0
37,{F807601B-5753-4D0D-AE45-3AC6D2BF2667},20191106080428,20121026122135,2012,10,2020,1,Verbessert,swisstopo,2019,6,Bezirk,247,0.0,2019_Aufbau,32198.0,0,Thun,2,CH,107491.0
38,{83C2ABCC-B16A-4426-83EB-99C65ECFCD82},20181122134130,20121026122135,2012,10,2020,1,Verbessert,AV,2019,1,Bezirk,2228,4.0,2019_Aufbau,30740.0,0,Nyon,22,CH,100685.0
39,{627223EB-12CD-4E65-B4C3-B99D3FFF4498},20151208153209,20121026122135,2012,10,2020,1,Verbessert,AV,2015,12,Bezirk,2601,,2019_Aufbau,30318.0,0,Delémont,26,CH,38590.0
40,{CC110DBB-438C-44A0-80DB-0A5A0F86ED68},20151209151017,20121026122135,2012,10,2020,1,Verbessert,AV,2015,12,Bezirk,314,1460.0,2019_Aufbau,28767.0,0,Sursee,3,CH,74817.0
41,{7537516C-C322-4913-BF72-4B2243C6AAAC},20161209092536,20121026122134,2012,10,2020,1,Verbessert,swisstopo,2017,1,Bezirk,1848,,2019_Aufbau,28530.0,0,Plessur,18,CH,42315.0
42,{D400B0A9-815A-4C3E-8B97-0692B058EFC3},20151209151017,20121026122135,2012,10,2020,1,Verbessert,AV,2015,12,Bezirk,2230,10.0,2019_Aufbau,28302.0,0,Riviera-Pays-d'Enhaut,22,CH,84980.0
43,{8200AF02-1D5E-4D1B-8EB3-AD765D119518},20151208153209,20121026122134,2012,10,2020,1,Verbessert,AV,2015,12,Bezirk,2012,2.0,2019_Aufbau,27963.0,1,Frauenfeld,20,CH,68334.0
44,{1B4C3E3F-A1CE-41BF-BFE0-24D046631863},20151208153210,20121026122134,2012,10,2020,1,Verbessert,AV,2015,12,Bezirk,2309,,2019_Aufbau,39816.0,1,Raron,23,CH,10940.0
45,{EE9A5B9F-D893-480E-9639-F9715200344F},20151208153209,20121026122135,2012,10,2020,1,Verbessert,AV,2015,12,Bezirk,2308,1060.0,2019_Aufbau,26738.0,0,Monthey,23,CH,47039.0
46,{419B0DD0-5EFD-41FB-9FFB-3BF7F5FF0B0F},20151208153209,20121026122135,2012,10,2020,1,Verbessert,AV,2015,12,Bezirk,1006,,2019_Aufbau,26526.0,0,Sense,10,CH,43990.0
47,{C3C17DF2-6BC3-4507-93CD-66D40B1FED9F},20151208153209,20121026122135,2012,10,2020,1,Verbessert,AV,2015,12,Bezirk,2307,,2019_Aufbau,26337.0,0,Martigny,23,CH,47983.0
48,{2ED8E580-A3BA-483D-9169-54FB86BE7948},20161209092536,20121026122135,2012,10,2020,1,Verbessert,swisstopo,2017,1,Bezirk,1726,1591.0,2019_Aufbau,26177.0,0,See-Gaster,17,CH,67089.0
49,{137ABE6B-6A8C-49D6-B4AF-CF61F862CDD4},20151208153209,20121026122135,2012,10,2020,1,Verbessert,AV,2015,12,Bezirk,110,,2019_Aufbau,25175.0,0,Winterthur,1,CH,169513.0
50,{5253DF49-EFF1-4E26-A8D1-0E03D67CF3EF},20161114093054,20121026122135,2012,10,2020,1,Verbessert,swisstopo,2017,1,Bezirk,1842,,2019_Aufbau,23731.0,0,Bernina,18,CH,4629.0
51,{2605DF34-399F-4542-82C1-C75A2953898B},20151208153209,20121026122135,2012,10,2020,1,Verbessert,AV,2015,12,Bezirk,2302,,2019_Aufbau,23420.0,0,Conthey,23,CH,28906.0
52,{4B088BA4-A23E-4668-9D47-7E3EEB3E9DA5},20151208153209,20121026122135,2012,10,2020,1,Verbessert,AV,2015,12,Bezirk,2223,,2019_Aufbau,23220.0,0,Gros-de-Vaud,22,CH,45258.0
53,{A6078986-87DA-49BC-8C8D-658AD7C3027D},20151208153209,20121026122135,2012,10,2020,1,Verbessert,AV,2015,12,Bezirk,2015,,2019_Aufbau,22708.0,0,Weinfelden,20,CH,55830.0
54,{0C5C5261-3F13-4D36-B0D3-4C2B5AF36339},20171205081627,20121026122135,2012,10,2020,1,Verbessert,swisstopo,2018,1,Bezirk,2101,,2019_Aufbau,22633.0,0,Bellinzona,21,CH,55711.0
55,{5C13B8DD-192B-4C67-A6D0-AC5CE4C2BC61},20151208153209,20121026122134,2012,10,2020,1,Verbessert,AV,2015,12,Bezirk,312,3494.0,2019_Aufbau,22252.0,0,Luzern-Land,3,CH,101972.0
56,{C79FE944-E86B-4F89-ACE9-E042772C4BF1},20151209151017,20121026122135,2012,10,2020,1,Verbessert,AV,2015,12,Bezirk,1004,21.0,2019_Aufbau,21796.0,0,La Sarine,10,CH,106136.0
57,{8370DD2B-3B5E-46C7-9CE8-E180EC891014},20151208153209,20121026122134,2012,10,2020,1,Verbessert,AV,2015,12,Bezirk,1724,,2019_Aufbau,20651.0,0,Werdenberg,17,CH,39193.0
58,{4AFC1869-9295-45FF-8BC0-ABE37D3BD351},20161114100553,20121026122134,2012,10,2020,1,Verbessert,swisstopo,2017,1,Bezirk,1844,,2019_Aufbau,20380.0,0,Imboden,18,CH,20970.0
59,{E96F3405-5315-4DCD-9395-92874EC7313A},20191106080428,20121026122135,2012,10,2020,1,Verbessert,swisstopo,2019,6,Bezirk,2602,,2019_Aufbau,20024.0,0,Les Franches-Montagnes,26,CH,10389.0
60,{9D949681-3030-42A8-9C06-A411222E37FD},20161209092536,20121026122134,2012,10,2020,1,Verbessert,swisstopo,2017,1,Bezirk,2222,17.0,2019_Aufbau,25818.0,1,Broye-Vully,22,CH,43145.0
61,{4DF70CB2-2180-4DB7-B6EE-5942525ECE0D},20181122134129,20121026122134,2012,10,2020,1,Verbessert,AV,2019,1,Bezirk,2310,,2019_Aufbau,19059.0,0,Saint-Maurice,23,CH,13821.0
62,{7CE257AF-BDF9-44D0-BEFA-F4C5478175C1},20161209092536,20121026122135,2012,10,2020,1,Verbessert,swisstopo,2017,1,Bezirk,505,1019.0,2019_Aufbau,18693.0,0,March,5,CH,43598.0
63,{85FB267E-985D-4D4E-8D06-56FD1B50848C},20161209092536,20121026122135,2012,10,2020,1,Verbessert,swisstopo,2017,1,Bezirk,103,,2019_Aufbau,18488.0,0,Bülach,1,CH,151486.0
64,{83DEB6BF-AEA9-4E76-A12B-5369E95CBC87},20161209092536,20121026122134,2012,10,2020,1,Verbessert,swisstopo,2017,1,Bezirk,313,654.0,2019_Aufbau,18391.0,0,Hochdorf,3,CH,73398.0
65,{25B6301F-13D1-41A1-9356-51645E4C499E},20161209092536,20121026122134,2012,10,2020,1,Verbessert,swisstopo,2017,1,Bezirk,105,,2019_Aufbau,17950.0,0,Hinwil,1,CH,95711.0
66,{373C0156-46DB-4AB3-8308-D147A6D47EAD},20161209092536,20121026122135,2012,10,2020,1,Verbessert,swisstopo,2017,1,Bezirk,1845,,2019_Aufbau,17467.0,0,Landquart,18,CH,25157.0
67,{A4FD6BA3-07AC-4851-A914-F773C1BC70E7},20161209092536,20121026122134,2012,10,2020,1,Verbessert,swisstopo,2017,1,Bezirk,1002,,2019_Aufbau,16867.0,0,La Glâne,10,CH,24337.0
68,{69AC0AB9-0F29-42D9-AD38-1A0182FF8A8D},20161209092536,20121026122135,2012,10,2020,1,Verbessert,swisstopo,2017,1,Bezirk,102,,2019_Aufbau,16654.0,0,Andelfingen,1,CH,31372.0
69,{05193CBD-54B4-4F3D-92B7-7CA8F1FA27A2},20151208153209,20121026122135,2012,10,2020,1,Verbessert,AV,2015,12,Bezirk,108,,2019_Aufbau,16315.0,0,Pfäffikon,1,CH,60439.0
70,{D636CF6F-698B-44D4-8A70-6AA3B8AF7273},20151208153210,20121026122134,2012,10,2020,1,Verbessert,AV,2015,12,Bezirk,1005,1440.0,2019_Aufbau,15923.0,1,See,10,CH,36800.0
71,{071691FD-8350-4C49-B0D6-F307829E88C4},20151208153210,20121026122134,2012,10,2020,1,Verbessert,AV,2015,12,Bezirk,1721,,2019_Aufbau,15767.0,1,St. Gallen,17,CH,122419.0
72,{6227174C-9ADF-49BA-ABA1-4E8CEDFF87CE},20161209092536,20121026122135,2012,10,2020,1,Verbessert,swisstopo,2017,1,Bezirk,1906,,2019_Aufbau,15674.0,0,Laufenburg,19,CH,32552.0
73,{733D5002-96C1-441C-A5AC-650E69A49184},20161209092536,20121026122134,2012,10,2020,1,Verbessert,swisstopo,2017,1,Bezirk,1902,,2019_Aufbau,15309.0,1,Baden,19,CH,144129.0
74,{85DAB265-67EC-4F0B-9B9E-3BE39B097174},20151208153209,20121026122134,2012,10,2020,1,Verbessert,AV,2015,12,Bezirk,104,,2019_Aufbau,15285.0,0,Dielsdorf,1,CH,90455.0
75,{ED161ED2-A5AB-4615-8EAD-291451364812},20191106080428,20121026122135,2012,10,2020,1,Verbessert,swisstopo,2019,6,Bezirk,2107,,2019_Aufbau,14562.0,0,Riviera,21,CH,10335.0
76,{7D167E39-6148-41DA-B273-44DC14F0BF6B},20151209151017,20121026122134,2012,10,2020,1,Verbessert,AV,2015,12,Bezirk,1904,,2019_Aufbau,14511.0,0,Brugg,19,CH,50874.0
77,{DC22227E-01FC-4E19-811C-2F26709CF36D},20181122134130,20121026122134,2012,10,2020,1,Verbessert,AV,2019,1,Bezirk,1728,,2019_Aufbau,14524.0,1,Wil,17,CH,75594.0
78,{81700B40-6BB8-4743-91D4-51E36EED2CB8},20151209151017,20121026122135,2012,10,2020,1,Verbessert,AV,2015,12,Bezirk,1910,,2019_Aufbau,14201.0,0,Zofingen,19,CH,71780.0
79,{82A70428-881B-4952-B622-382C656B9363},20151208153209,20121026122135,2012,10,2020,1,Verbessert,AV,2015,12,Bezirk,1304,,2019_Aufbau,14104.0,0,Sissach,13,CH,35783.0
80,{A09F60A3-EEBF-4CA7-86F4-490E789D2EE9},20161209092536,20121026122135,2012,10,2020,1,Verbessert,swisstopo,2017,1,Bezirk,2226,7.0,2019_Aufbau,14009.0,0,Lavaux-Oron,22,CH,62329.0
81,{C49A4C5E-5995-4705-85ED-10E5297A0A1C},20151208153209,20121026122135,2012,10,2020,1,Verbessert,AV,2015,12,Bezirk,1102,,2019_Aufbau,13939.0,0,Thal,11,CH,14712.0
82,{884FB875-58EF-49CD-BA4C-AF517FA52A5E},20161209092536,20121026122135,2012,10,2020,1,Verbessert,swisstopo,2017,1,Bezirk,1908,,2019_Aufbau,13895.0,0,Muri,19,CH,36252.0
83,{DDC5627A-DE50-4B91-9596-21BEBA648201},20151208153209,20121026122135,2012,10,2020,1,Verbessert,AV,2015,12,Bezirk,1723,,2019_Aufbau,13894.0,0,Rheintal,17,CH,73094.0
84,{4F1799F6-E642-446A-9EC0-726AE62FF111},20151208153209,20121026122135,2012,10,2020,1,Verbessert,AV,2015,12,Bezirk,2014,,2019_Aufbau,13819.0,0,Münchwilen,20,CH,47325.0
85,{A8E647F1-8045-4B21-9531-BC098A3247F1},20151208153209,20121026122135,2012,10,2020,1,Verbessert,AV,2015,12,Bezirk,1501,,2019_Aufbau,13616.0,0,Hinterland,15,CH,24393.0
86,{8E1166D0-E7EC-4A51-8F03-13EB1FF78C69},20151209151017,20121026122135,2012,10,2020,1,Verbessert,AV,2015,12,Bezirk,1007,,2019_Aufbau,13430.0,0,La Veveyse,10,CH,18831.0
87,{6A0B841D-2D3E-41F1-AD34-851EADE322FD},20161209092536,20121026122135,2012,10,2020,1,Verbessert,swisstopo,2017,1,Bezirk,2312,,2019_Aufbau,13066.0,0,Sion,23,CH,47753.0
88,{6C00AB06-4F8D-48E7-8EE6-A4F8CCFD30B1},20161209092536,20121026122134,2012,10,2020,1,Verbessert,swisstopo,2017,1,Bezirk,1911,,2019_Aufbau,13001.0,0,Zurzach,19,CH,34418.0
89,{D65C7BA9-F6E7-4420-90C5-7D8F32906AC3},20151208153209,20121026122135,2012,10,2020,1,Verbessert,AV,2015,12,Bezirk,2013,13.0,2019_Aufbau,12930.0,0,Kreuzlingen,20,CH,48345.0
90,{C2FFECB8-C64A-4BF2-BA0A-AE6FE28D2750},20151208153210,20121026122134,2012,10,2020,1,Verbessert,AV,2015,12,Bezirk,1001,5522.0,2019_Aufbau,22781.0,1,La Broye,10,CH,32894.0
91,{CBA169F2-66DE-4B44-AD4E-11D74D93470D},20151208153210,20121026122134,2012,10,2020,1,Verbessert,AV,2015,12,Bezirk,2309,,2019_Aufbau,,2,Raron,23,CH,"11,095"
92,{43B0F369-FA20-4D56-8D51-871F393BEC12},20151208153209,20121026122135,2012,10,2020,1,Verbessert,AV,2015,12,Bezirk,109,0.0,2019_Aufbau,11223.0,0,Uster,1,CH,131702.0
93,{73992DBD-EC5B-4625-8C38-0B2ED953C8F1},20151208153209,20121026122134,2012,10,2020,1,Verbessert,AV,2015,12,Bezirk,1903,,2019_Aufbau,11747.0,0,Bremgarten,19,CH,77368.0
94,{85B7EFE7-945D-4E96-9177-D8151DEF8BBD},20151208153209,20121026122135,2012,10,2020,1,Verbessert,AV,2015,12,Bezirk,1107,,2019_Aufbau,11717.0,0,Lebern,11,CH,45870.0
95,{91EF8978-0898-4F4C-BEC3-95DA4163BB2E},20151208153209,20121026122135,2012,10,2020,1,Verbessert,AV,2015,12,Bezirk,101,,2019_Aufbau,11303.0,0,Affoltern,1,CH,54619.0
96,{D3C74CC0-3D1A-44C6-8AA0-5945C7E1FD60},20161209092536,20121026122135,2012,10,2020,1,Verbessert,swisstopo,2017,1,Bezirk,1909,,2019_Aufbau,11186.0,0,Rheinfelden,19,CH,47920.0
97,{458CB2DA-9767-44A7-8470-D7B782587F14},20151208153209,20121026122135,2012,10,2020,1,Verbessert,AV,2015,12,Bezirk,501,1081.0,2019_Aufbau,10974.0,0,Einsiedeln,5,CH,15870.0
98,{4E245737-B0A7-4031-82A3-9AC6CAB6E0AE},20151208153209,20121026122135,2012,10,2020,1,Verbessert,AV,2015,12,Bezirk,1305,,2019_Aufbau,10499.0,0,Waldenburg,13,CH,15965.0
99,{A06C1A22-21CF-417E-9924-F7C8F2D20F1F},20151208153209,20121026122135,2012,10,2020,1,Verbessert,AV,2015,12,Bezirk,1901,,2019_Aufbau,10449.0,0,Aarau,19,CH,78305.0
100,{A1E4939C-BEBB-469A-8FD7-CF34527410C5},20151208153209,20121026122135,2012,10,2020,1,Verbessert,AV,2015,12,Bezirk,106,0.0,2019_Aufbau,10424.0,0,Horgen,1,CH,124801.0
101,{FD09527D-2CEF-4E12-AFF8-83D95223FEFD},20151208153209,20121026122135,2012,10,2020,1,Verbessert,AV,2015,12,Bezirk,1907,464.0,2019_Aufbau,10274.0,0,Lenzburg,19,CH,63028.0
102,{CBCE99DD-D6DE-4F8D-9200-76005F30E15E},20181122134129,20121026122134,2012,10,2020,1,Verbessert,AV,2019,1,Bezirk,2106,196.0,2019_Aufbau,10271.0,0,Mendrisio,21,CH,50865.0
103,{93181710-48C6-4702-B995-FAEF7D238C72},20151208153209,20121026122135,2012,10,2020,1,Verbessert,AV,2015,12,Bezirk,1905,406.0,2019_Aufbau,10133.0,0,Kulm,19,CH,41581.0
104,{F45162DA-95A9-4B5E-820D-506EEA6E8865},20151208153209,20121026122134,2012,10,2020,1,Verbessert,AV,2015,12,Bezirk,242,2.0,2019_Aufbau,9759.0,1,Biel/Bienne,2,CH,101313.0
105,{C662BD5E-3A37-41D7-908C-A19D7E78B2B8},20161209092536,20121026122134,2012,10,2020,1,Verbessert,swisstopo,2017,1,Bezirk,1301,,2019_Aufbau,9622.0,0,Arlesheim,13,CH,155854.0
106,{CD98424A-CCD5-473E-96D5-D4F38CBD5738},20161209092536,20121026122134,2012,10,2020,1,Verbessert,swisstopo,2017,1,Bezirk,1403,,2019_Aufbau,10573.0,1,Schaffhausen,14,CH,54691.0
107,{69706755-DBB7-45D4-A424-5B9EC36F4D33},20151208153209,20121026122134,2012,10,2020,1,Verbessert,AV,2015,12,Bezirk,112,395.0,2019_Aufbau,9188.0,0,Zürich,1,CH,415367.0
108,{AC4BB861-A2B6-40B8-86D0-B5BBA9F45F5A},20151208153210,20121026122134,2012,10,2020,1,Verbessert,AV,2015,12,Bezirk,2011,20.0,2019_Aufbau,8927.0,1,Arbon,20,CH,56638.0
109,{F171B8C8-FCF7-4137-8B58-9C96EF51EDA1},20151208153210,20121026122134,2012,10,2020,1,Verbessert,AV,2015,12,Bezirk,1110,,2019_Aufbau,10227.0,1,Thierstein,11,CH,14640.0
110,{4340BC40-345B-4CB8-AEC3-FAE30A443EE5},20161209092536,20121026122134,2012,10,2020,1,Verbessert,swisstopo,2017,1,Bezirk,1303,,2019_Aufbau,8586.0,0,Liestal,13,CH,60618.0
111,{CC33E93B-74FE-44BF-9005-E76A245AB8B9},20151208153209,20121026122135,2012,10,2020,1,Verbessert,AV,2015,12,Bezirk,107,0.0,2019_Aufbau,8462.0,0,Meilen,1,CH,104412.0
112,{F4488D80-6E9A-4A3D-8514-0022A9D982E4},20161209092536,20121026122134,2012,10,2020,1,Verbessert,swisstopo,2017,1,Bezirk,1302,,2019_Aufbau,8956.0,1,Laufen,13,CH,19912.0
113,{E021F3AC-189D-4BC2-923F-02B14F150BB7},20151208153209,20121026122135,2012,10,2020,1,Verbessert,AV,2015,12,Bezirk,1108,,2019_Aufbau,8057.0,0,Olten,11,CH,55372.0
114,{201D77DF-45B2-4C49-9750-9823978ADAB4},20151208153210,20121026122134,2012,10,2020,1,Verbessert,AV,2015,12,Bezirk,1001,,2019_Aufbau,,2,La Broye,10,CH,"33,901"
115,{292B02D0-EBB1-4BBE-A5C3-8424FDDB784B},20151208153210,20121026122134,2012,10,2020,1,Verbessert,AV,2015,12,Bezirk,1106,,2019_Aufbau,7667.0,1,Wasseramt,11,CH,51537.0
116,{238770AF-3360-444D-9E19-EB0281763BB5},20151208153209,20121026122135,2012,10,2020,1,Verbessert,AV,2015,12,Bezirk,1105,,2019_Aufbau,6867.0,0,Gösgen,11,CH,24441.0
117,{A7A21B73-6FFE-4FBF-A635-6E2B961F3072},20181122134129,20121026122135,2012,10,2020,1,Verbessert,AV,2019,1,Bezirk,2225,9.0,2019_Aufbau,6523.0,0,Lausanne,22,CH,166367.0
118,{97E3E2AC-A4E8-4A46-B52F-D6458295CBB5},20151208153209,20121026122135,2012,10,2020,1,Verbessert,AV,2015,12,Bezirk,1103,,2019_Aufbau,6268.0,0,Bucheggberg,11,CH,7921.0
119,{2C985497-63DC-4723-A0B9-38C3FF6EDF49},20151208153209,20121026122135,2012,10,2020,1,Verbessert,AV,2015,12,Bezirk,1101,,2019_Aufbau,6205.0,0,Gäu,11,CH,21403.0
120,{6C78E833-C255-4BC7-B46D-00E3F9C9DD38},20151208153209,20121026122135,2012,10,2020,1,Verbessert,AV,2015,12,Bezirk,1502,,2019_Aufbau,6027.0,0,Mittelland,15,CH,17272.0
121,{630D5C69-730F-4EE8-8087-5B39A00D9D86},20161209092536,20121026122135,2012,10,2020,1,Verbessert,swisstopo,2017,1,Bezirk,111,,2019_Aufbau,6011.0,0,Dietikon,1,CH,91091.0
122,{C263F2A9-4140-43A8-A204-164AF7C41A25},20151208153210,20121026122134,2012,10,2020,1,Verbessert,AV,2015,12,Bezirk,2222,,2019_Aufbau,,2,Broye-Vully,22,CH,"44,552"
123,{28E9D141-7C01-4B0B-B610-AA7A922A4CB2},20151208153210,20121026122134,2012,10,2020,1,Verbessert,AV,2015,12,Bezirk,2305,,2019_Aufbau,,2,Hérens,23,CH,"10,953"
124,{4A05DB2C-620D-42A3-8AD8-23ECE387A123},20181122134130,20121026122134,2012,10,2020,1,Verbessert,AV,2019,1,Bezirk,1722,6.0,2019_Aufbau,5051.0,1,Rorschach,17,CH,43142.0
125,{DCAC9867-7CBA-4E63-BFA8-23922901250D},20151208153210,20121026122134,2012,10,2020,1,Verbessert,AV,2015,12,Bezirk,1104,,2019_Aufbau,7470.0,1,Dorneck,11,CH,20521.0
126,{FEFA6B93-AF50-45DA-A827-63A9467FE933},20151209151017,20121026122135,2012,10,2020,1,Verbessert,AV,2015,12,Bezirk,1406,,2019_Aufbau,4661.0,0,Unterklettgau,14,CH,4986.0
127,{49372D82-8EAF-4864-AE02-DD9C35428C6F},20151208153209,20121026122135,2012,10,2020,1,Verbessert,AV,2015,12,Bezirk,1503,,2019_Aufbau,4641.0,0,Vorderland,15,CH,13569.0
128,{2737651B-D15A-4A56-9FF8-D2FA02C909F8},20151208153209,20121026122135,2012,10,2020,1,Verbessert,AV,2015,12,Bezirk,503,712.0,2019_Aufbau,4472.0,0,Höfe,5,CH,28909.0
129,{5F83884A-0442-430E-81C3-95A793D5BB8B},20151208153209,20121026122135,2012,10,2020,1,Verbessert,AV,2015,12,Bezirk,1404,,2019_Aufbau,4363.0,0,Schleitheim,14,CH,3043.0
130,{79E3D3B5-0142-43A7-9CC6-C9B252E814FC},20151208153209,20121026122135,2012,10,2020,1,Verbessert,AV,2015,12,Bezirk,1402,,2019_Aufbau,3933.0,0,Reiat,14,CH,9006.0
131,{D7FEDFFC-D6AC-4747-8B2E-5B1D4239A05F},20151208153209,20121026122135,2012,10,2020,1,Verbessert,AV,2015,12,Bezirk,504,681.0,2019_Aufbau,3620.0,0,Küssnacht (SZ),5,CH,13087.0
132,{BF9A0FEB-3889-4C26-BB1F-06E50492E308},20151208153209,20121026122135,2012,10,2020,1,Verbessert,AV,2015,12,Bezirk,1401,,2019_Aufbau,3188.0,0,Oberklettgau,14,CH,4597.0
133,{5AB72D66-AC2D-47BC-AC7A-8F72D944CB90},20151208153209,20121026122135,2012,10,2020,1,Verbessert,AV,2015,12,Bezirk,1405,27.0,2019_Aufbau,3124.0,0,Stein,14,CH,5668.0
134,{1CEFCF4D-3DBA-4CAC-AC19-9E642532F017},20191106080428,20121026122134,2012,10,2020,1,Verbessert,swisstopo,2019,6,Bezirk,311,830.0,2019_Aufbau,3741.0,1,Luzern-Stadt,3,CH,81691.0
135,{9649A88E-AFEF-4A6F-B787-DC7396E9BF8B},20151208153210,20121026122134,2012,10,2020,1,Verbessert,AV,2015,12,Bezirk,2313,,2019_Aufbau,,2,Visp,23,CH,"28,547"
136,{E168FD57-F57A-4075-A350-0DCFBB55147F},20151208153209,20121026122134,2012,10,2020,1,Verbessert,AV,2015,12,Bezirk,2229,0.0,2019_Aufbau,2634.0,0,Ouest lausannois,22,CH,76212.0
137,{EF6CEF26-10CD-4DF7-8DE3-AB68B5340095},20151208153210,20121026122134,2012,10,2020,1,Verbessert,AV,2015,12,Bezirk,1104,,2019_Aufbau,,2,Dorneck,11,CH,"20,802"
138,{A27BCBF2-C82A-4228-99B2-BA0FED153539},20151208153209,20121026122134,2012,10,2020,1,Verbessert,AV,2015,12,Bezirk,502,921.0,2019_Aufbau,2357.0,0,Gersau,5,CH,2319.0
139,{AECDCB78-D5FB-496C-80F6-5DCE421C3208},20151208153210,20121026122134,2012,10,2020,1,Verbessert,AV,2015,12,Bezirk,1001,,2019_Aufbau,,3,La Broye,10,CH,"33,901"
140,{2CE1E5B5-549C-4A50-8B2A-92B175079BBA},20151208153210,20121026122134,2012,10,2020,1,Verbessert,AV,2015,12,Bezirk,1110,,2019_Aufbau,,2,Thierstein,11,CH,"14,802"
141,{55581519-1DA3-433E-9F34-DCEF5798A121},20151208153210,20121026122134,2012,10,2020,1,Verbessert,AV,2015,12,Bezirk,1403,,2019_Aufbau,,2,Schaffhausen,14,CH,"55,330"
142,{8E662590-13DB-4890-A784-11D4ED67016B},20151208153210,20121026122134,2012,10,2020,1,Verbessert,AV,2015,12,Bezirk,1302,,2019_Aufbau,,2,Laufen,13,CH,"20,321"
143,{93BCE836-8E82-4C21-84D0-CC6AC79F4E84},20151208153210,20121026122134,2012,10,2020,1,Verbessert,AV,2015,12,Bezirk,311,,2019_Aufbau,,2,Luzern-Stadt,3,CH,"82,620"
144,{8B088D4D-F26F-476C-89FF-D2DB0F2D4980},20151208153209,20121026122134,2012,10,2020,1,Verbessert,AV,2015,12,Bezirk,1109,,2019_Aufbau,628.0,0,Solothurn,11,CH,16777.0
145,{E2F7631F-6865-437C-A148-4D724980021B},20151208153210,20121026122134,2012,10,2020,1,Verbessert,AV,2015,12,Bezirk,1001,,2019_Aufbau,,4,La Broye,10,CH,"33,901"
146,{594B3198-758D-40CD-84D4-98BC22058968},20151208153210,20121026122134,2012,10,2020,1,Verbessert,AV,2015,12,Bezirk,241,,2019_Aufbau,,2,Jura bernois,2,CH,"53,715"
147,{770B86D0-BC84-4752-9601-5FC09F4B34C0},20151208153210,20121026122134,2012,10,2020,1,Verbessert,AV,2015,12,Bezirk,246,,2019_Aufbau,,2,Bern-Mittelland,2,CH,"418,140"
148,{5B23868B-DDC2-42F1-82E8-2AEF830314DE},20151208153210,20121026122134,2012,10,2020,1,Verbessert,AV,2015,12,Bezirk,2011,,2019_Aufbau,,2,Arbon,20,CH,"58,414"
149,{C6E38EA9-75F6-450B-AF13-8C9447D5086E},20151208153210,20121026122134,2012,10,2020,1,Verbessert,AV,2015,12,Bezirk,1106,,2019_Aufbau,,2,Wasseramt,11,CH,"52,949"
150,{438AFE1F-AC99-4713-B89A-E479FAD10C0C},20151208153210,20121026122134,2012,10,2020,1,Verbessert,AV,2015,12,Bezirk,1005,,2019_Aufbau,,2,See,10,CH,"37,746"
151,{C622DFCA-AE76-4347-B91D-E360741DF0CF},20151208153209,20121026122134,2012,10,2020,1,Verbessert,AV,2015,12,Bezirk,242,,2019_Aufbau,,2,Biel/Bienne,2,CH,"102,425"
152,{A532F2FB-5885-4F4C-8297-C7C73ACCD6C2},20151208153210,20121026122134,2012,10,2020,1,Verbessert,AV,2015,12,Bezirk,246,,2019_Aufbau,,3,Bern-Mittelland,2,CH,"418,140"
153,{5DB52DE9-E65C-4812-9616-5FA557B0030F},20151208153209,20121026122134,2012,10,2020,1,Verbessert,AV,2015,12,Bezirk,1722,,2019_Aufbau,,2,Rorschach,17,CH,"43,928"
154,{C99AE0E1-573A-4440-9ADA-06782982AAB2},20151208153210,20121026122134,2012,10,2020,1,Verbessert,AV,2015,12,Bezirk,1728,,2019_Aufbau,,2,Wil,17,CH,"76,439"
155,{7692790C-4B91-47D9-BA09-43CC6E452BAE},20151208153210,20121026122134,2012,10,2020,1,Verbessert,AV,2015,12,Bezirk,1721,,2019_Aufbau,,2,St. Gallen,17,CH,"122,903"
156,{9A0560DD-7D2C-42B5-AE1E-1F420E3639EC},20151208153210,20121026122134,2012,10,2020,1,Verbessert,AV,2015,12,Bezirk,1902,,2019_Aufbau,,2,Baden,19,CH,"146,064"
157,{6F4B4B09-2C8F-47E2-B457-5465910DC3B0},20151208153209,20121026122134,2012,10,2020,1,Verbessert,AV,2015,12,Bezirk,2012,,2019_Aufbau,,2,Frauenfeld,20,CH,"69,773"
158,{274292F8-DDCE-4383-A721-464E0A9EAB8D},20151208153210,20121026122134,2012,10,2020,1,Verbessert,AV,2015,12,Bezirk,1001,,2019_Aufbau,,5,La Broye,10,CH,"33,901"
