B19BTOT,gemeinde_NAME,coords
1981,Aeugst am Albis,[47.2739      8.48795466]
5721,Obfelden,[47.26417792  8.4187548 ]
2293,Stadel,[47.53913756  8.46603545]
789,Doppleschwand,[47.01161188  8.04720193]
3280,Entlebuch,[46.97605417  8.11086904]
1929,Flühli,[46.84128618  8.00028517]
1736,Hasle (LU),
659,Romoos,[47.01033628  8.00289677]
4206,Schüpfheim,[46.94875508  8.00965874]
2180,Werthenstein,[47.03314727  8.10333229]
3609,Steinmaur,[47.50276943  8.44160292]
4351,Escholzmatt-Marbach,[46.91577733  7.94499729]
1903,Weiach,[47.55389521  8.4426624 ]
1259,Aesch (LU),
430,Altwis,
2710,Ballwil,[47.14235251  8.33449461]
31043,Emmen,[47.09512041  8.29100236]
989,Ermensee,[47.22470687  8.23346299]
3627,Eschenbach (LU),
5428,Hitzkirch,[47.22232712  8.26681827]
9884,Hochdorf,[47.16541852  8.2857956 ]
2403,Hohenrain,[47.19613158  8.30517916]
2641,Inwil,[47.13157316  8.36887634]
2831,Rain,[47.13457181  8.26401229]
1788,Römerswil,[47.17361939  8.25163498]
7678,Rothenburg,[47.10648121  8.27552092]
1030,Schongau,[47.26372054  8.27520631]
5460,Adligenswil,[47.07238917  8.36776806]
6361,Buchrain,[47.1050314   8.34546371]
1484,Dierikon,[47.09322939  8.37163967]
13849,Ebikon,[47.07726784  8.33733955]
1412,Gisikon,[47.12672919  8.40285107]
1165,Greppen,[47.06133827  8.43794872]
401,Honau,[47.13286159  8.40991515]
14243,Horw,[47.01516501  8.30144173]
27847,Kriens,[47.0189982   8.27504126]
82257,Luzern,[47.0565847   8.28539294]
7432,Malters,[47.03902682  8.17715731]
7436,Meggen,[47.055485    8.37301381]
1451,Meierskappel,[47.11344423  8.44269891]
5126,Root,[47.1120316   8.38590375]
1726,Schwarzenberg,[46.99868637  8.16913804]
2294,Udligenswil,[47.08992666  8.4007543 ]
1402,Vitznau,[47.02160295  8.48624632]
4317,Weggis,[47.03335356  8.46829134]
6624,Beromünster,[47.19536833  8.1867942 ]
2559,Büron,[47.21462176  8.09994267]
3333,Buttisholz,[47.10877516  8.09420376]
1630,Eich,[47.16515989  8.17362685]
2874,Geuensee,[47.19980487  8.11950777]
3249,Grosswangen,[47.1294148  8.0489502]
2343,Hildisrieden,[47.14675258  8.23092366]
2275,Knutwil,[47.19283045  8.07102367]
1460,Mauensee,[47.17102375  8.06847745]
7163,Neuenkirch,[47.10754378  8.20304093]
3965,Nottwil,[47.12440959  8.13705721]
4794,Oberkirch,[47.1546455   8.09786416]
3398,Rickenbach (LU),
7046,Ruswil,[47.07945761  8.13331265]
3024,Schenkon,[47.18627832  8.13190221]
2588,Ottenbach,[47.28182497  8.41141807]
921,Schlierbach,[47.22335427  8.11942671]
4208,Sempach,[47.13619456  8.20583688]
10195,Sursee,[47.17795017  8.10197429]
4640,Triengen,[47.23708568  8.05821702]
4308,Wolhusen,[47.05165932  8.050573  ]
5053,Bäretswil,[47.33746418  8.87379614]
7344,Bubikon,[47.26942531  8.80801762]
659,Alberswil,[47.14280558  7.99239159]
1012,Altbüron,[47.18895156  7.87825121]
1590,Altishofen,[47.1859819   7.94562589]
5608,Dagmersellen,[47.21299651  8.00549688]
369,Ebersecken,
1514,Egolzwil,[47.18594471  8.00011314]
2730,Ettiswil,[47.15483732  8.03245492]
700,Fischbach,[47.15038391  7.90665925]
7606,Dürnten,[47.27501622  8.85387013]
1159,Gettnau,
854,Grossdietwil,[47.16828826  7.88765787]
1905,Hergiswil bei Willisau,[47.0616356   7.95902365]
1238,Luthern,[47.05875982  7.90758127]
2888,Menznau,[47.05869782  8.02511914]
2695,Nebikon,[47.19088332  7.97635286]
2665,Pfaffnau,[47.21739633  7.87471956]
2516,Fischenthal,[47.33733031  8.92734358]
7186,Reiden,[47.23951804  7.98058789]
698,Roggliswil,[47.21347036  7.88420364]
4530,Schötz,[47.16493141  7.96123135]
888,Ufhusen,[47.10177919  7.89702525]
2261,Wauwil,[47.18736888  8.02291342]
1520,Wikon,[47.26385796  7.97974617]
10280,Gossau (ZH),
2097,Zell (LU),
7811,Willisau,[47.09574434  7.97844582]
3641,Grüningen,[47.27909904  8.76355632]
11277,Hinwil,[47.30352551  8.8616247 ]
12286,Rüti (ZH),
1430,Seegräben,[47.33929407  8.76201033]
1129,Rifferswil,[47.24588203  8.4965225 ]
10096,Wald (ZH),
9537,Altdorf (UR),
1433,Andermatt,[46.62306258  8.61653897]
1750,Attinghausen,[46.83309383  8.55194912]
165,Bauen,
3995,Bürglen (UR),
3845,Erstfeld,[46.81682528  8.59987757]
1961,Flüelen,[46.91145569  8.6428767 ]
431,Göschenen,[46.66643093  8.49050149]
528,Gurtnellen,[46.74189593  8.62378988]
24990,Wetzikon (ZH),
180,Hospental,[46.61226841  8.565966  ]
474,Isenthal,[46.8880786   8.52336755]
150,Realp,[46.58368421  8.4703209 ]
5413,Schattdorf,[46.85023123  8.67228664]
1886,Seedorf (UR),
678,Seelisberg,[46.95563905  8.56428981]
1957,Silenen,[46.77855539  8.75512933]
383,Sisikon,[46.93776406  8.6633796 ]
830,Spiringen,[46.879236    8.89307699]
702,Unterschächen,[46.85887558  8.78628382]
405,Wassen,[46.72927303  8.52222047]
3755,Stallikon,[47.32260115  8.48872558]
16106,Einsiedeln,[47.1232899   8.76641625]
18944,Adliswil,[47.307169    8.52278591]
2326,Gersau,[47.00925668  8.5229244 ]
5350,Feusisberg,[47.17353436  8.73441889]
16506,Freienbach,[47.18968018  8.76984303]
7299,Wollerau,[47.19022301  8.70673144]
13300,Küssnacht (SZ),
7059,Altendorf,[47.16903788  8.82684762]
5227,Galgenen,[47.16203964  8.8708251 ]
177,Innerthal,[47.07657449  8.92361983]
8883,Lachen,[47.19093069  8.85594241]
3825,Reichenburg,[47.1624785   8.96529167]
9190,Schübelbach,[47.1421206   8.93901952]
3293,Tuggen,[47.19678535  8.93064737]
992,Vorderthal,[47.12921823  8.89978324]
5150,Wangen (SZ),
8923,Kilchberg (ZH),
7727,Langnau am Albis,[47.28015184  8.53011323]
621,Alpthal,[47.06031626  8.70999928]
12154,Arth,[47.05728684  8.53872935]
797,Illgau,[46.99702698  8.73044362]
8952,Ingenbohl,[47.00374878  8.61115729]
1114,Lauerz,[47.02604854  8.57383859]
1148,Morschach,[46.97903136  8.64847126]
3486,Muotathal,[46.96959727  8.82601125]
870,Oberiberg,[47.02257097  8.79636056]
86,Riemenstalden,[46.94108094  8.6858694 ]
5002,Oberrieden,[47.27276567  8.57629109]
2460,Rothenthurm,[47.11273596  8.68013508]
1925,Sattel,[47.07219364  8.63235217]
15239,Schwyz,[47.02358562  8.67445377]
3608,Steinen,[47.06103433  8.61065762]
939,Steinerberg,[47.06428366  8.58063286]
2398,Unteriberg,[47.04133765  8.83398585]
13632,Richterswil,[47.20605332  8.69486134]
6092,Rüschlikon,[47.30564313  8.55097788]
5240,Wettswil am Albis,[47.33530932  8.4744166 ]
6053,Alpnach,[46.94505538  8.24369576]
4186,Engelberg,[46.82916647  8.41627142]
3657,Giswil,[46.83617783  8.13013614]
6295,Kerns,[46.85807166  8.28933293]
2111,Lungern,[46.79036702  8.17584065]
5170,Sachseln,[46.84117557  8.25486389]
10458,Sarnen,[46.90459843  8.20480333]
18139,Thalwil,[47.28973996  8.56375503]
3697,Beckenried,[46.94182105  8.47548983]
5285,Buochs,[46.96031626  8.42175344]
1832,Dallenwil,[46.92065748  8.37230787]
1440,Emmetten,[46.95018719  8.53118524]
4779,Ennetbürgen,[46.99573671  8.4033765 ]
2199,Ennetmoos,[46.94092906  8.3188261 ]
5776,Hergiswil (NW),
3114,Oberdorf (NW),
8254,Stans,[46.95445863  8.36191806]
5592,Erlenbach (ZH),
4624,Stansstad,[46.97886261  8.34534014]
2087,Wolfenschiessen,[46.86606976  8.39626935]
6460,Herrliberg,[47.29352009  8.62499845]
8775,Hombrechtikon,[47.25251639  8.76546133]
14564,Küsnacht (ZH),
11359,Männedorf,[47.25671861  8.69632589]
14335,Meilen,[47.27660522  8.64323268]
4840,Oetwil am See,[47.27507026  8.71790294]
14718,Stäfa,[47.24052629  8.73804245]
6201,Uetikon am See,[47.26953182  8.6810069 ]
5486,Zumikon,[47.3348426   8.62428335]
13067,Zollikon,[47.34323328  8.59169092]
18626,Glarus Nord,[47.08561902  9.05201019]
9453,Glarus Süd,[46.93482353  9.08214244]
12511,Glarus,[47.02955377  9.00186292]
24617,Baar,[47.19226589  8.54140139]
16893,Cham,[47.20690998  8.4441954 ]
8784,Hünenberg,[47.19402144  8.42424091]
4551,Menzingen,[47.17071649  8.60288556]
2237,Neuheim,[47.20092458  8.57873805]
6244,Oberägeri,[47.13134773  8.64587157]
10990,Risch,[47.14235692  8.43850023]
10129,Steinhausen,[47.1965764   8.48641597]
8868,Unterägeri,[47.12735202  8.58776522]
3711,Walchwil,[47.10746528  8.53676503]
30618,Zug,[47.15976182  8.52279251]
6485,Fehraltorf,[47.38815032  8.74952193]
3664,Hittnau,[47.36731291  8.82741533]
5605,Lindau,[47.44270209  8.68587389]
12164,Pfäffikon,[47.37510629  8.80930583]
4393,Russikon,[47.4052822   8.79128997]
3364,Weisslingen,[47.43110498  8.7762767 ]
1977,Wila,[47.41176006  8.85997173]
985,Wildberg,[47.41506713  8.82716597]
29303,Dübendorf,[47.3861853   8.61377368]
8796,Egg,[47.29713441  8.69720047]
8689,Fällanden,[47.36834689  8.63262296]
5385,Greifensee,[47.36417601  8.67967705]
10468,Maur,[47.3350885  8.663812 ]
3898,Mönchaltorf,[47.31254697  8.717893  ]
5170,Schwerzenbach,[47.38228646  8.65708488]
35007,Uster,[47.35035331  8.71832425]
18640,Volketswil,[47.39425828  8.6949146 ]
12303,Affoltern am Albis,[47.2804121  8.4500938]
7967,Wangen-Brüttisellen,[47.4138754   8.64864158]
484,Châtillon (FR),
390,Cheiry,
1767,Cugy (FR),
1068,Fétigny,[46.79805727  6.91732104]
1097,Gletterens,[46.89907914  6.93317671]
1178,Lully (FR),
437,Ménières,[46.78594677  6.87791014]
2677,Montagny (FR),
446,Nuvilly,[46.78190584  6.82892204]
72,Prévondavaux,[46.73250552  6.80494405]
1835,Saint-Aubin (FR),
304,Sévaz,[46.83680372  6.873632  ]
725,Surpierre,[46.7511131   6.84213498]
455,Vallon,[46.88249108  6.9528682 ]
1520,Les Montets,[46.80665156  6.86272891]
1173,Delley-Portalban,[46.91355478  6.96019721]
5559,Belmont-Broye,[46.8502506   7.01868607]
9762,Estavayer,[46.84218996  6.86277543]
2317,Cheyres-Châbles,[46.81613105  6.80674416]
282,Auboranges,[46.58370699  6.80215568]
786,Billens-Hennens,[46.68186251  6.88840123]
302,Chapelle (Glâne),[46.58773528  6.83621691]
364,Le Châtelard,[46.67518703  6.99359833]
830,Châtonnaye,[46.75181532  6.93201354]
335,Ecublens (FR),
222,Grangettes,[46.67109153  6.97737646]
533,Massonnens,[46.69712063  6.97480068]
1044,Mézières (FR),
394,Montet (Glâne),[46.64197169  6.81244611]
5366,Romont (FR),
1524,Rue,[46.60088642  6.83048302]
2281,Siviriez,[46.65519821  6.89086351]
698,Adlikon,[47.58527738  8.70775496]
3271,Ursy,[46.62326763  6.849777  ]
698,Altikon,[47.57287243  8.78221219]
1315,Villaz-Saint-Pierre,
2330,Vuisternens-devant-Romont,[46.64707366  6.9423542 ]
1498,Villorsonnens,[46.71163148  7.0025217 ]
973,Torny,[46.76766124  6.96255801]
988,La Folliaz,
1559,Haut-Intyamon,[46.49993561  7.02824066]
1920,Pont-en-Ogoz,[46.68822133  7.07504282]
616,Botterens,[46.61957875  7.11973313]
2627,Broc,[46.60026745  7.11983704]
23871,Bulle,[46.60746831  7.0425715 ]
295,Châtel-sur-Montsalvens,[46.61837696  7.12800682]
908,Corbières,[46.65591041  7.1175809 ]
2067,Brütten,[47.47515604  8.67236296]
398,Crésuz,[46.62246555  7.14007895]
829,Echarlens,[46.64974552  7.07911115]
847,Grandvillard,[46.53721061  7.09745486]
2212,Gruyères,[46.58193358  7.07067822]
681,Hauteville,[46.66660844  7.13947253]
643,Jaun,[46.62115239  7.26962677]
1037,Dägerlen,[47.56253092  8.72423454]
1959,Marsens,[46.66010286  7.05256024]
638,Morlon,[46.62089709  7.08178074]
1336,Le Pâquier (FR),
595,Pont-la-Ville,[46.70431547  7.11371996]
2791,Riaz,[46.63730053  7.03534779]
1744,La Roche,[46.69752174  7.16617084]
776,Dättlikon,[47.52836149  8.6231234 ]
1441,Sâles,[46.63549723  6.97191352]
1119,Sorens,[46.6689823   7.04868767]
1071,Vaulruz,[46.61778889  6.99275307]
1684,Dinhard,[47.55863425  8.76035229]
2435,Vuadens,[46.61002064  7.00730863]
1549,Bas-Intyamon,[46.56521677  7.1076907 ]
2538,Val-de-Charmey,[46.60529248  7.20453464]
1038,Arconciel,
796,Autigny,[46.73684692  7.02992472]
1925,Avry,[46.79171007  7.06527566]
3280,Belfaux,[46.81987656  7.08425207]
842,Chénens,[46.74143174  6.99507364]
901,Ellikon an der Thur,[47.56118505  8.8255247 ]
2717,Corminboeuf,[46.80451984  7.08280764]
413,Corserey,
1504,Cottens (FR),
1085,Ependes (FR),
3647,Elsau,[47.50177187  8.80970831]
266,Ferpicloz,[46.74758235  7.16470894]
38197,Fribourg,[46.80437544  7.15704657]
3177,Givisiez,[46.81284437  7.12549409]
3773,Granges-Paccot,[46.82149829  7.14381287]
845,Benken (ZH),
1085,Hagenbuch,[47.51559737  8.874417  ]
1972,Grolley,[46.8386143   7.06305968]
8138,Marly,[46.771813    7.15702325]
1543,Matran,[46.78291396  7.08945873]
3169,Hettlingen,[47.5519346   8.70437595]
2664,Neyruz (FR),
707,Noréaz,
160,Pierrafortscha,[46.78025947  7.18078504]
750,Ponthaux,[46.81685206  7.04306798]
3135,Le Mouret,[46.73611625  7.19279931]
1126,Prez-vers-Noréaz,
150,Senèdes,
1483,Treyvaux,[46.72649643  7.14067028]
12228,Villars-sur-Glâne,[46.79568287  7.12446044]
5718,Neftenbach,[47.54131199  8.66445475]
72,Villarsel-sur-Marly,[46.76264925  7.17357082]
2531,Hauterive (FR),
2052,La Brillaz,[46.76558548  7.01525273]
1173,La Sonnaz,[46.83811257  7.12024858]
7606,Gibloux,[46.71928125  7.04940969]
3900,Pfungen,[47.50874918  8.64288366]
2749,Rickenbach (ZH),
1428,Courgevaux,[46.90423537  7.10384587]
5468,Courtepin,[46.87063654  7.11278596]
1003,Cressier (FR),
454,Fräschels,[46.99819077  7.21299601]
727,Galmiz,[46.95095763  7.1554756 ]
789,Schlatt (ZH),
313,Gempenach,[46.94216557  7.19925293]
173,Greng,[46.91397516  7.09348152]
4404,Gurmels,[46.8917726   7.16786872]
5029,Kerzers,[46.9744623   7.20097549]
702,Kleinbösingen,[46.89002491  7.19663982]
7440,Seuzach,[47.53527861  8.73224799]
573,Meyriez,[46.92380784  7.10690531]
2116,Misery-Courtion,[46.85804291  7.07221421]
954,Muntelier,[46.94068772  7.13378334]
8259,Murten,[46.9267541   7.15144949]
1160,Ried bei Kerzers,[46.95907599  7.1908584 ]
449,Ulmiz,[46.93199317  7.19638407]
4883,Turbenthal,[47.43175752  8.87964287]
4015,Mont-Vully,[46.95941813  7.074164  ]
2050,Alterswil,
653,Brünisried,[46.75886739  7.27884726]
8181,Düdingen,[46.84663226  7.20942509]
1638,Giffers,[46.7563973   7.22654415]
3409,Bösingen,[46.88006968  7.24487298]
1402,Heitenried,[46.83659756  7.29176027]
3621,Plaffeien,[46.68342213  7.30401296]
577,Berg am Irchel,[47.5624327   8.59849687]
113173,Winterthur,[47.50058265  8.73807427]
1013,Plasselb,[46.71099271  7.23885851]
1108,Rechthalten,[46.76527736  7.24868565]
2079,St. Antoni,
971,St. Silvester,[46.73707039  7.21810121]
1345,St. Ursen,[46.78634183  7.23966149]
4037,Schmitten (FR),
3510,Tafers,[46.8086268   7.26073213]
1338,Tentlingen,[46.76719261  7.20364114]
2379,Ueberstorf,[46.86826283  7.31078334]
5569,Wünnewil-Flamatt,[46.87374002  7.29038907]
6299,Zell (ZH),
3562,Attalens,[46.522774   6.8599529]
1512,Bossonnens,[46.52943052  6.84794138]
7216,Châtel-Saint-Denis,[46.52663974  6.93312744]
864,Granges (Veveyse),[46.53070439  6.82263933]
1152,Remaufens,[46.53725723  6.87880803]
1028,Saint-Martin (FR),
1435,Semsales,[46.56725616  6.94318726]
1201,Le Flon,[46.60429616  6.8739062 ]
1254,La Verrerie,[46.59649328  6.91136131]
979,Buch am Irchel,[47.54833796  8.6310467 ]
3793,Egerkingen,[47.32567344  7.79283298]
1638,Härkingen,[47.30705253  7.81697684]
1829,Kestenholz,[47.27441728  7.75698791]
2246,Neuendorf,[47.30086135  7.79756202]
1246,Niederbuchsiten,[47.2857796   7.78152514]
2282,Oberbuchsiten,[47.31355477  7.7621562 ]
6264,Oensingen,[47.28768376  7.71713929]
2307,Wolfwil,[47.27183008  7.79958242]
1669,Aesch (ZH),
6724,Birmensdorf (ZH),
579,Aedermannsdorf,[47.30895826  7.59324238]
6239,Balsthal,[47.31845397  7.70186656]
82,Gänsbrunnen,
565,Herbetswil,[47.29688297  7.5618153 ]
692,Holderbank (SO),
1808,Laupersdorf,[47.3141951   7.65791332]
1340,Matzendorf,[47.30260563  7.62311738]
2404,Mümliswil-Ramiswil,[47.339264    7.65676876]
1076,Welschenrohr,
27746,Dietikon,[47.39984087  8.39817236]
4934,Geroldswil,[47.42190573  8.41379841]
327,Biezwil,[47.10845806  7.41696574]
6738,Oberengstringen,[47.41150287  8.46744292]
829,Lüterkofen-Ichertswil,[47.16120624  7.50523208]
320,Lüterswil-Gächliwil,[47.12111175  7.4440799 ]
1476,Messen,[47.09402141  7.44520504]
2515,Oetwil an der Limmat,[47.43136422  8.39922377]
1140,Schnottwil,[47.10838601  7.39443886]
218,Unterramsern,[47.1211029  7.4821459]
1084,Lüsslingen-Nennigkofen,[47.18633537  7.49753669]
2560,Buchegg,[47.13803261  7.48205744]
18791,Schlieren,[47.39355261  8.44771149]
1166,Bättwil,[47.49204699  7.51063897]
1059,Büren (SO),
6849,Dornach,[47.47870177  7.620388  ]
901,Gempen,[47.47564126  7.66419285]
1290,Hochwald,[47.45910011  7.65161205]
3209,Hofstetten-Flüh,[47.47454994  7.49930629]
925,Metzerlen-Mariastein,[47.46992557  7.48119604]
1488,Nuglar-St. Pantaleon,[47.46645454  7.69007806]
1336,Rodersdorf,[47.48303987  7.44595779]
4668,Uitikon,[47.36412215  8.45637774]
1003,Seewen,[47.4327988  7.6485136]
1452,Witterswil,[47.49100645  7.52348346]
3934,Unterengstringen,[47.40996428  8.43620618]
308,Hauenstein-Ifenthal,[47.36962953  7.85639769]
504,Kienberg,[47.44571153  7.96849256]
3942,Lostorf,[47.38933135  7.93409721]
3830,Niedergösgen,[47.37239364  7.9841861 ]
2271,Obergösgen,[47.36129635  7.95538713]
91,Rohr (SO),
1105,Stüsslingen,[47.40104072  7.96106909]
1916,Dachsen,[47.65834095  8.62743644]
9981,Urdorf,[47.38109244  8.42080919]
6595,Trimbach,[47.36771986  7.88434576]
1902,Winznau,[47.37160228  7.92050855]
433,Wisen (SO),
3555,Erlinsbach (SO),
4813,Weiningen (ZH),
1257,Aeschi (SO),
8766,Biberist,[47.18608456  7.54150564]
595,Bolken,[47.19277605  7.66158241]
2220,Deitingen,[47.21896692  7.61687375]
6520,Derendingen,[47.19048541  7.59027425]
917,Etziken,[47.18586252  7.64453844]
5336,Gerlafingen,[47.17217905  7.57490185]
836,Halten,[47.16834249  7.61256541]
830,Horriwil,[47.18070231  7.62638415]
153,Hüniken,[47.18341739  7.63505498]
1304,Kriegstetten,[47.17608191  7.59637737]
2844,Lohn-Ammannsegg,[47.17364268  7.52702249]
3488,Luterbach,[47.215454    7.58902591]
1225,Obergerlafingen,[47.16438963  7.58442737]
872,Oekingen,[47.17789738  7.61285957]
2017,Recherswil,[47.16056334  7.60189941]
3173,Subingen,[47.19894746  7.62539026]
9041,Zuchwil,[47.20245578  7.56019161]
740,Drei Höfe,[47.16149215  7.63475023]
209,Balm bei Günsberg,[47.25942647  7.55091905]
5284,Bellach,[47.21337052  7.49913342]
4971,Bettlach,[47.21430133  7.42098251]
991,Feldbrunnen-St. Niklaus,[47.222409    7.55325405]
1004,Flumenthal,[47.23686166  7.60199427]
17468,Grenchen,[47.20554047  7.39425616]
1176,Günsberg,[47.25778662  7.57350159]
737,Hubersdorf,[47.24522278  7.58980091]
32,Kammersrohr,[47.2555103   7.58958104]
3806,Langendorf,[47.21860745  7.51520888]
1540,Lommiswil,[47.22549407  7.47389005]
1749,Oberdorf (SO),
2323,Riedholz,[47.24157409  7.56873469]
1465,Rüttenen,[47.23382772  7.52891449]
3434,Selzach,[47.22161578  7.44215883]
769,Boningen,[47.30709523  7.85830119]
2914,Däniken,[47.35052389  7.97442938]
5082,Dulliken,[47.34476836  7.94811499]
327,Eppenberg-Wöschnau,[47.37719776  8.02405518]
1785,Fulenbach,[47.2768044   7.82966481]
2779,Gretzenbach,[47.3529657   7.99278243]
1654,Gunzgen,[47.3123199   7.84008975]
5140,Hägendorf,[47.34731033  7.83395109]
3265,Kappel (SO),
18399,Olten,[47.34169091  7.89931803]
1038,Rickenbach (SO),
4966,Schönenwerd,[47.37343172  8.00997785]
1710,Starrkirch-Wil,[47.34631509  7.92616413]
724,Walterswil (SO),
5134,Wangen bei Olten,[47.3399821   7.87503968]
658,Dorf,[47.56952717  8.65087612]
16933,Solothurn,[47.21120787  7.53458938]
420217,Zürich,[47.37464515  8.54395131]
801,Bärschwil,[47.39037995  7.46428511]
275,Beinwil (SO),
3914,Breitenbach,[47.40533843  7.57420777]
2298,Büsserach,[47.38811138  7.55484964]
935,Erschwil,[47.36977478  7.54438581]
608,Fehren,[47.39740422  7.5810457 ]
520,Grindel,[47.37973175  7.50295424]
947,Himmelried,[47.42323902  7.57697622]
1238,Kleinlützel,[47.42447271  7.41507641]
668,Meltingen,[47.37496259  7.59042517]
1897,Nunningen,[47.39915307  7.60030339]
646,Zullwil,[47.39249436  7.59703343]
3614,Feuerthalen,[47.68756758  8.65045849]
173232,Basel,[47.54836909  7.6002314 ]
1163,Bettingen,[47.57110686  7.67125677]
21449,Riehen,[47.57742354  7.65805115]
10356,Aesch (BL),
21090,Allschwil,[47.53940253  7.5314664 ]
9158,Arlesheim,[47.49352319  7.62899776]
3476,Biel-Benken,[47.50579299  7.52251309]
15793,Binningen,[47.53623196  7.56557409]
10432,Birsfelden,[47.55212516  7.62881169]
6783,Bottmingen,[47.52277584  7.57447603]
5354,Ettingen,[47.47843456  7.54581589]
12104,Münchenstein,[47.51966932  7.61948049]
17910,Muttenz,[47.52672985  7.6434358 ]
11221,Oberwil (BL),
2369,Pfeffingen,[47.45685719  7.58317575]
19181,Reinach (BL),
1409,Schönenbuch,[47.5395386   7.50422814]
9918,Therwil,[47.4983933   7.55712189]
699,Blauen,[47.45426871  7.52601173]
1656,Brislach,[47.42744346  7.55936025]
276,Burg im Leimental,[47.45376627  7.43713446]
708,Dittingen,[47.44054174  7.49257037]
1547,Duggingen,[47.4479804   7.60496708]
1871,Grellingen,[47.43936221  7.58654002]
5643,Laufen,[47.40524927  7.4834764 ]
1102,Liesberg,[47.40116804  7.42937028]
455,Nenzlingen,[47.44809253  7.55982061]
279,Roggenburg,[47.4338736  7.3497713]
1897,Röschenz,[47.42831936  7.46945923]
1466,Wahlen,[47.39789798  7.51296586]
2453,Zwingen,[47.43794646  7.53177424]
1420,Flaach,[47.5819066   8.61133938]
1653,Arisdorf,[47.51763254  7.77156357]
1042,Augst,[47.53173434  7.72159582]
4402,Bubendorf,[47.43560717  7.73872934]
6454,Frenkendorf,[47.50349588  7.69785931]
4588,Füllinsdorf,[47.51376365  7.73193385]
1051,Giebenach,[47.52505867  7.73797349]
330,Hersberg,[47.48933126  7.78430385]
5320,Lausen,[47.47077717  7.76351944]
14391,Liestal,[47.48748562  7.73331934]
1450,Lupsingen,[47.4505053  7.6943242]
16650,Pratteln,[47.51797489  7.69987677]
708,Ramlinsburg,[47.44876601  7.7661467 ]
1290,Seltisberg,[47.46332991  7.70637738]
1561,Ziefen,[47.4274992   7.70648252]
553,Anwil,[47.45234612  7.94010249]
825,Böckten,[47.46936131  7.83496353]
689,Buckten,[47.41236781  7.8418403 ]
1069,Buus,[47.50323035  7.86345948]
777,Diepflingen,[47.44346045  7.84235393]
6268,Gelterkinden,[47.45595962  7.85804851]
243,Häfelfingen,[47.41826795  7.8704379 ]
255,Hemmiken,[47.49106157  7.89030928]
2159,Itingen,[47.46842387  7.78702457]
533,Känerkinden,[47.40947405  7.83516583]
161,Kilchberg (BL),
1288,Läufelfingen,[47.38875657  7.8619396 ]
930,Maisprach,[47.52121013  7.84432769]
262,Nusshof,[47.49213661  7.79425499]
498,Oltingen,[47.43272441  7.93392408]
2261,Ormalingen,[47.46954754  7.88249199]
585,Rickenbach (BL),
764,Rothenfluh,[47.46960225  7.92175912]
430,Rümlingen,[47.42830316  7.85655749]
746,Rünenberg,[47.43418545  7.88163012]
6686,Sissach,[47.46960151  7.80191577]
839,Tecknau,[47.43971513  7.89732819]
915,Tenniken,[47.43256629  7.81247995]
1358,Thürnen,[47.44927534  7.82899142]
706,Wenslingen,[47.44198944  7.90752793]
607,Wintersingen,[47.49728452  7.83278787]
439,Wittinsburg,[47.4300552   7.83948953]
493,Zeglingen,[47.41457644  7.91010381]
2612,Zunzgen,[47.44368225  7.80193368]
580,Arboldswil,[47.41538018  7.71848963]
667,Bennwil,[47.39286637  7.78082278]
753,Bretzwil,[47.39137148  7.65365996]
1624,Diegten,[47.40712391  7.80712658]
535,Eptingen,[47.37993342  7.81452073]
2556,Hölstein,[47.42713976  7.77464047]
508,Lampenberg,[47.42803351  7.7566639 ]
957,Langenbruck,[47.35795414  7.78257176]
315,Lauwil,[47.38066832  7.6600242 ]
167,Liedertswil,[47.38584749  7.71962698]
1846,Niederdorf,[47.41479985  7.74503832]
2403,Oberdorf (BL),
1588,Reigoldswil,[47.39603443  7.68847782]
419,Titterten,[47.40186549  7.71681641]
1103,Waldenburg,[47.38071585  7.73330405]
1477,Flurlingen,[47.68265692  8.63629912]
876,Gächlingen,[47.72135098  8.49922748]
1474,Löhningen,[47.7050924  8.5459752]
2326,Neunkirch,[47.6801973   8.51198633]
423,Büttenhardt,[47.7535017   8.64630903]
1031,Dörflingen,[47.7107167   8.71428375]
743,Lohn (SH),
1374,Stetten (SH),
2790,Stammheim,[47.63071761  8.78944856]
5547,Thayngen,[47.75726992  8.68440554]
24624,Wädenswil,[47.21890695  8.65109106]
312,Bargen (SH),
4925,Beringen,[47.70133119  8.57279687]
854,Buchberg,[47.57297667  8.55049857]
856,Merishausen,[47.76269969  8.60458841]
10467,Neuhausen am Rheinfall,[47.68006809  8.60431184]
781,Rüdlingen,[47.58129704  8.56812529]
36604,Schaffhausen,[47.7186809   8.63206514]
4942,Elgg,[47.47766394  8.85911777]
22992,Horgen,[47.2479836   8.59134238]
463,Beggingen,[47.7643386   8.53515877]
1653,Schleitheim,[47.7503137  8.4996645]
880,Siblingen,[47.72261588  8.52374731]
17333,Illnau-Effretikon,[47.42995468  8.72597042]
332,Buch (SH),
474,Hemishofen,[47.68919056  8.84143198]
1465,Ramsen,[47.70211783  8.81367613]
3505,Stein am Rhein,[47.66492743  8.85215672]
4873,Bauma,[47.37858501  8.89157725]
2207,Hallau,[47.69788926  8.44691974]
438,Oberhallau,[47.7105672   8.47657792]
598,Trasadingen,[47.67136576  8.4289016 ]
1740,Wilchingen,[47.66642264  8.47046765]
6594,Wiesendangen,[47.52558851  8.81950176]
5572,Bonstetten,[47.31683262  8.46633046]
2247,Andelfingen,[47.58907204  8.67830143]
15763,Herisau,[47.38013865  9.26941042]
967,Hundwil,[47.31987179  9.31785698]
528,Schönengrund,[47.32220863  9.2271887 ]
1541,Schwellbrunn,[47.34876185  9.2344332 ]
1387,Stein (AR),
2272,Urnäsch,[47.30442859  9.26495388]
1817,Waldstatt,[47.35676189  9.28467798]
4632,Aarberg,[47.04424791  7.28286676]
1025,Bargen (BE),
1852,Bühler,[47.38207964  9.4285558 ]
3066,Gais,[47.37858312  9.46743554]
4408,Speicher,[47.41313108  9.44502133]
6362,Teufen (AR),
1752,Trogen,[47.40051965  9.47213651]
3031,Grossaffoltern,[47.06564847  7.35202819]
1013,Grub (AR),
4203,Heiden,[47.44272116  9.5357216 ]
1299,Lutzenberg,[47.45792136  9.5770337 ]
1756,Rehetobel,[47.42769402  9.484179  ]
704,Reute (AR),
872,Wald (AR),
2012,Walzenhausen,[47.44461035  9.58813411]
1871,Wolfhalden,[47.44811572  9.56588478]
2204,Kallnach,[46.99936524  7.23016226]
1414,Kappelen,[47.07575149  7.28359237]
15525,Lyss,[47.07485261  7.31799332]
2473,Meikirch,[47.00397537  7.37385797]
1287,Radelfingen,[47.00034072  7.27930365]
2234,Henggart,[47.56121886  8.68398939]
2560,Rapperswil (BE),
5778,Appenzell,[47.33370899  9.40624874]
1445,Gonten,[47.32164007  9.35673947]
3692,Rüte,[47.29848608  9.44182215]
1140,Schlatt-Haslen,[47.36183366  9.38119523]
2184,Schwende,[47.29211289  9.40968283]
3773,Schüpfen,[47.03596904  7.36506805]
1889,Oberegg,[47.40971226  9.54492878]
3084,Seedorf (BE),
485,Humlikon,[47.57372817  8.67993657]
1390,Häggenschwil,[47.49437088  9.3463457 ]
1220,Muolen,[47.52017748  9.32731954]
76090,St. Gallen,[47.42130746  9.37549587]
9706,Wittenbach,[47.46600338  9.38212101]
4620,Aarwangen,[47.23705333  7.76311986]
851,Berg (SG),
2339,Eggersriet,[47.44453141  9.47770584]
9504,Goldach,[47.47388344  9.4684171 ]
3658,Mörschwil,[47.46844907  9.42679091]
9438,Rorschach,[47.47622407  9.49550716]
7382,Rorschacherberg,[47.46786784  9.50328497]
3608,Steinach,[47.4959645   9.43639614]
1438,Tübach,[47.48292698  9.45228429]
1046,Untereggen,[47.45117878  9.45003711]
440,Auswil,[47.1387661   7.82678968]
661,Bannwil,[47.23900279  7.73469403]
7809,Au (SG),
4891,Balgach,[47.40860538  9.60291649]
3936,Berneck,[47.42505416  9.61187133]
6465,Diepoldsau,[47.38804092  9.64060606]
3398,Rheineck,[47.4685229  9.581377 ]
5960,St. Margrethen,[47.45393741  9.61433621]
6565,Thal,[47.48482331  9.5532786 ]
9756,Widnau,[47.40385301  9.63522909]
713,Bleienbach,[47.1818778  7.7594929]
181,Busswil bei Melchnau,[47.18758335  7.83169156]
11877,Altstätten,[47.36472095  9.53386629]
1520,Eichberg,[47.34976936  9.52091138]
2110,Marbach (SG),
8979,Oberriet (SG),
4533,Rebstein,[47.39964375  9.58313454]
2412,Rüthi (SG),
728,Gondiswil,[47.14625596  7.86870508]
12861,Buchs (SG),
3550,Gams,[47.21055021  9.42050157]
7147,Grabs,[47.17025658  9.39078908]
5665,Sennwald,[47.24519072  9.45792962]
5112,Sevelen,[47.1360093   9.45101309]
5295,Wartau,[47.09117013  9.44176782]
15644,Langenthal,[47.21047959  7.81864648]
6264,Bad Ragaz,[46.98865099  9.4774599 ]
4889,Flums,[47.05354771  9.28678135]
8561,Mels,[47.01418085  9.36208752]
1556,Pfäfers,[46.94103493  9.40825088]
2949,Quarten,[47.07566685  9.21436915]
6200,Sargans,[47.05527516  9.44165933]
4884,Vilters-Wangs,[47.01815976  9.4258467 ]
5705,Walenstadt,[47.127102    9.33109977]
2074,Kleinandelfingen,[47.60714874  8.66592218]
2628,Lotzwil,[47.18833561  7.7918849 ]
1823,Amden,[47.16657203  9.17513975]
2982,Benken (SG),
4924,Kaltbrunn,[47.21233439  9.05626537]
3876,Schänis,[47.17436067  9.08114051]
1717,Weesen,[47.14442326  9.09487481]
3275,Madiswil,[47.15469219  7.79284535]
1489,Melchnau,[47.17903461  7.86307325]
3766,Schmerikon,[47.22929393  8.94464016]
6489,Uznach,[47.23032595  8.978121  ]
422,Obersteckholz,
27277,Rapperswil-Jona,[47.23891224  8.85461889]
5218,Gommiswald,[47.2364063   9.04507127]
9584,Eschenbach (SG),
221,Oeschenbach,[47.10970147  7.74494641]
5001,Ebnat-Kappel,[47.2533855  9.1398792]
2606,Wildhaus-Alt St. Johann,[47.18893518  9.30722237]
174,Reisiswil,[47.16161973  7.84264806]
3545,Nesslau,[47.23414084  9.20735599]
4056,Roggwil (BE),
902,Hemberg,[47.29618068  9.18579018]
1896,Lichtensteig,[47.32475223  9.09753205]
1251,Oberhelfenschwil,[47.3463992   9.11183615]
4044,Neckertal,[47.34941901  9.16753612]
8761,Wattwil,[47.29563571  9.08659466]
1484,Rohrbach,[47.13258985  7.80952937]
394,Rohrbachgraben,[47.1127295   7.80262015]
9100,Kirchberg (SG),
1606,Lütisburg,[47.3940602   9.11682506]
2847,Mosnang,[47.36014409  9.00573129]
4987,Bütschwil-Ganterschwil,[47.3576429   9.08245196]
1761,Laufen-Uhwiesen,[47.67019833  8.63214558]
566,Rütschelen,[47.17204818  7.77070945]
4121,Degersheim,[47.38779671  9.18272794]
10425,Flawil,[47.404584    9.19821205]
3834,Jonschwil,[47.42324908  9.09682928]
6403,Oberuzwil,[47.42335589  9.14216405]
13129,Uzwil,[47.43947275  9.12368507]
525,Schwarzhäusern,[47.25052258  7.76306068]
3425,Thunstetten,[47.20356675  7.74525798]
1505,Niederbüren,[47.4568544  9.2170297]
3136,Niederhelfenschwil,[47.48097553  9.1631101 ]
4542,Oberbüren,[47.44039517  9.18217515]
4792,Zuzwil (SG),
24159,Wil (SG),
879,Ursenbach,[47.12843379  7.76276515]
1999,Andwil (SG),
8327,Gaiserwald,[47.43750922  9.32829778]
18108,Gossau (SG),
3533,Waldkirch,[47.45871977  9.30136655]
1660,Wynau,[47.25460337  7.81289504]
1918,Marthalen,[47.62151414  8.63387788]
2786,Vaz/Obervaz,[46.72414764  9.54705048]
134591,Bern,[46.9417557   7.39358428]
539,Lantsch/Lenz,[46.71008937  9.58282587]
221,Schmitten (GR),
6286,Bolligen,[46.97967604  7.51868765]
4369,Bremgarten bei Bern,[46.97992214  7.43399629]
3214,Kirchlindach,[46.99502253  7.41497355]
1283,Albula/Alvra,[46.6928641   9.62169463]
2327,Surses,[46.53622288  9.62503813]
898,Bergün Filisur,[46.63495262  9.74581795]
42044,Köniz,[46.89537916  7.40801892]
1120,Brusio,[46.25655962 10.10697754]
13023,Muri bei Bern,[46.93273394  7.50160198]
3493,Poschiavo,[46.35189229 10.07291588]
849,Oberbalm,[46.86731802  7.414388  ]
620,Falera,[46.81213474  9.23181881]
1885,Laax,[46.83297996  9.23271447]
3137,Stettlen,[46.95823131  7.52264535]
728,Sagogn,[46.79598171  9.27468082]
612,Schluein,[46.79283147  9.21485139]
5345,Vechigen,[46.96228705  7.56822531]
9266,Wohlen bei Bern,[46.98829781  7.3450087 ]
979,Vals,[46.56571171  9.09935242]
10471,Zollikofen,[46.9936608   7.45213505]
2019,Lumnezia,[46.67339034  9.14914258]
4757,Ilanz/Glion,[46.77670631  9.17474783]
11306,Ittigen,[46.98040034  7.47537537]
17772,Ostermundigen,[46.956386    7.49354863]
357,Fürstenau,[46.72411401  9.45287746]
304,Rothenbrunnen,[46.77331375  9.42562954]
790,Scharans,[46.71603501  9.48305989]
960,Sils im Domleschg,[46.68500081  9.46791106]
2264,Cazis,[46.72782676  9.39323569]
247,Flerden,[46.70617764  9.38966453]
498,Masein,[46.69630063  9.42177032]
3278,Thusis,[46.67432511  9.49572898]
133,Tschappina,[46.66625743  9.35263278]
147,Urmein,[46.68328358  9.39966918]
903,Safiental,[46.68324086  9.31688507]
2113,Domleschg,[46.76192988  9.46760108]
171,Avers,[46.44959675  9.50593307]
145,Sufers,[46.54649758  9.36054101]
1668,Ossingen,[47.61009256  8.72097905]
906,Andeer,[46.58835841  9.43569775]
54,Casti-Wergenstein,
201,Donat,
52,Lohn (GR),
53,Mathon,
55602,Biel/Bienne,[47.14176449  7.24289184]
53,Rongellen,[46.67177789  9.43764059]
396,Zillis-Reischen,[46.65138404  9.4638117 ]
80,Ferrera,[46.51489745  9.43851004]
581,Rheinwald,[46.52486252  9.22472827]
2654,Evilard,[47.14498267  7.22543334]
3467,Bonaduz,[46.79925997  9.36621251]
8132,Domat/Ems,[46.81668145  9.45628709]
1557,Rhäzüns,[46.778654    9.38959286]
2589,Felsberg,[46.85665039  9.45643947]
2912,Flims,[46.86739146  9.27649765]
1222,Tamins,[46.86459419  9.41231665]
1414,Trin,[46.86161417  9.32555029]
1523,Zernez,[46.69427639 10.11112411]
772,Samnaun,[46.94976705 10.37400806]
4624,Scuol,[46.78801563 10.27435405]
841,Valsot,[46.89235594 10.39334036]
607,Bever,[46.52626306  9.7372408 ]
1502,Celerina/Schlarigna,[46.50946823  9.84587886]
207,Madulain,[46.59747761  9.92790674]
2147,Pontresina,[46.44423787  9.95272298]
679,La Punt-Chamues-ch,
2913,Samedan,[46.39879498  9.86679652]
4882,St. Moritz,[46.49054034  9.7998472 ]
681,S-chanf,[46.62308062 10.01223303]
702,Sils im Engadin/Segl,[46.39604163  9.77445566]
1132,Silvaplana,[46.47172728  9.77209408]
1177,Zuoz,[46.55267185  9.99706995]
1555,Bregaglia,[46.3443049   9.61404338]
1316,Rheinau,[47.63305765  8.619687  ]
89,Buseno,[46.27035987  9.10784331]
274,Castaneda,[46.26140205  9.12651714]
151,Rossa,[46.37025    9.1173191]
1629,Arch,[47.16490949  7.43353843]
109,Santa Maria in Calanca,[46.28547461  9.14572497]
870,Büetigen,[47.10528117  7.33961292]
805,Lostallo,[46.30056336  9.23853806]
1344,Mesocco,[46.43385165  9.23745134]
319,Soazza,[46.34800503  9.25230578]
3584,Büren an der Aare,[47.14159047  7.37528096]
552,Cama,[46.25075591  9.22291173]
1406,Grono,[46.25124215  9.18942126]
2581,Roveredo (GR),
841,San Vittore,[46.25399438  9.09047159]
200,Calanca,[46.32476856  9.11501659]
1437,Val Müstair,[46.59317275 10.35786948]
994,Diessbach bei Büren,[47.10443645  7.36177001]
10862,Davos,[46.73828986  9.81048772]
1478,Dotzigen,[47.1252854   7.34979053]
595,Fideris,[46.88927349  9.74286159]
202,Furna,[46.9065222   9.67132918]
1151,Jenaz,[46.91275293  9.69707316]
5280,Lengnau (BE),
4431,Klosters-Serneus,
1289,Leuzigen,[47.17016963  7.46566815]
222,Conters im Prättigau,[46.88628799  9.79938383]
844,Küblis,[46.92505678  9.79013732]
50,Meienried,[47.13711951  7.33995857]
1591,Luzein,[46.97092428  9.82225799]
938,Thalheim an der Thur,[47.58122638  8.7431008 ]
1298,Meinisberg,[47.16420133  7.35661093]
35470,Chur,[46.85064824  9.55352353]
901,Oberwil bei Büren,[47.13246053  7.41157399]
1912,Churwalden,[46.80150601  9.54845224]
4651,Pieterlen,[47.17452942  7.33171006]
3145,Arosa,[46.80524155  9.65280286]
522,Maladers,
857,Rüti bei Büren,[47.15069961  7.41267361]
307,Tschiertschen-Praden,[46.80763574  9.59742626]
608,Wengi,[47.08363225  7.40054887]
1090,Haldenstein,
3310,Trimmis,[46.88679652  9.59819362]
2521,Untervaz,[46.9206506   9.52353802]
3490,Zizers,[46.93666705  9.57965709]
835,Fläsch,[47.03671901  9.52656562]
895,Jenins,[47.01486426  9.58178491]
3006,Maienfeld,[47.03171859  9.57507134]
2419,Malans,[46.99432984  9.58604952]
8926,Landquart,[46.954581    9.59315128]
2116,Grüsch,[46.97072587  9.64575047]
2705,Schiers,[46.9950224   9.76443604]
1370,Seewis im Prättigau,[47.02946757  9.6761927 ]
1728,Breil/Brigels,[46.78367583  9.07569703]
2046,Disentis/Mustér,[46.74593273  8.85662422]
355,Medel (Lucmagn),[46.62423565  8.84826446]
1121,Sumvitg,[46.71700737  8.93277954]
1207,Tujetsch,[46.63238947  8.74415012]
1164,Trun,[46.74435922  8.99098673]
1165,Obersaxen Mundaun,[46.74709129  9.12051023]
3751,Hausen am Albis,[47.24593528  8.53646269]
1061,Trüllikon,[47.64096541  8.68581902]
21773,Aarau,[47.39572521  8.06397177]
1598,Biberstein,[47.41816149  8.08108097]
7971,Buchs (AG),
721,Densbüren,[47.44998384  8.05721378]
4252,Erlinsbach (AG),
7994,Gränichen,[47.34817998  8.10568202]
1611,Hirschthal,[47.31735648  8.06708171]
6268,Küttigen,[47.42025446  8.04402498]
3907,Muhen,[47.33357817  8.06546022]
1096,Aefligen,[47.09726824  7.54751703]
8510,Oberentfelden,[47.3541919   8.04481961]
10476,Suhr,[47.37490625  8.08325824]
4249,Unterentfelden,[47.36723353  8.03891583]
576,Alchenstorf,[47.12300556  7.64379025]
19547,Baden,[47.46530768  8.29560599]
1550,Bellikon,[47.39085001  8.34962699]
2831,Bergdietikon,[47.38842239  8.38358404]
2988,Birmenstorf (AG),
3501,Ennetbaden,[47.48163138  8.32304716]
5552,Fislisbach,[47.43696657  8.29000232]
1038,Freienwil,[47.5010505   8.32094191]
5461,Gebenstorf,[47.48138221  8.24604398]
1046,Bäriswil,[47.01477956  7.53233548]
2057,Killwangen,[47.42807307  8.34510924]
1795,Künten,[47.38699657  8.32613553]
2123,Mägenwil,[47.41225455  8.23455743]
5772,Mellingen,[47.4212092   8.27147462]
8950,Neuenhof,[47.44433423  8.32416697]
4134,Niederrohrdorf,[47.42123166  8.30234706]
4080,Oberrohrdorf,[47.42457588  8.31786739]
8628,Obersiggenthal,[47.49495731  8.29710702]
2019,Remetschwil,[47.40747674  8.33255248]
16587,Burgdorf,[47.05027859  7.61768215]
12065,Spreitenbach,[47.41628643  8.36664799]
2201,Stetten (AG),
3004,Turgi,[47.48888895  8.25692041]
7211,Untersiggenthal,[47.50511036  8.25677795]
20934,Wettingen,[47.46619782  8.34391034]
1603,Wohlenschwil,[47.41872397  8.25566274]
4768,Würenlingen,[47.52890066  8.25745883]
6494,Würenlos,[47.44794575  8.36844989]
4840,Ehrendingen,[47.49643308  8.34714701]
2039,Ersigen,[47.10258963  7.61426454]
3326,Hasle bei Burgdorf,[46.99249929  7.64111216]
1868,Arni (AG),
4756,Berikon,[47.3556043   8.38007139]
8211,Bremgarten (AG),
975,Büttikon,[47.3278234   8.26973968]
3891,Dottikon,[47.38319349  8.24302267]
1034,Eggenwil,[47.36992679  8.33798309]
1607,Fischbach-Göslikon,[47.36897744  8.31332874]
2445,Hägglingen,[47.38929979  8.25647505]
1636,Heimiswil,[47.06368172  7.67080923]
2183,Jonen,[47.30010672  8.40491228]
2815,Niederwil (AG),
2035,Oberlunkhofen,[47.31431559  8.39797808]
2457,Oberwil-Lieli,[47.33675982  8.39428646]
4508,Rudolfstetten-Friedlisberg,[47.36834146  8.3835952 ]
2929,Sarmenstorf,[47.30832954  8.25667592]
1489,Tägerig,[47.40001893  8.27719041]
488,Uezwil,[47.31194032  8.28102644]
1469,Unterlunkhofen,[47.32484204  8.38519589]
211,Hellsau,[47.14391725  7.64893396]
7472,Villmergen,[47.34783464  8.23579972]
3779,Widen,[47.36825159  8.35659625]
16613,Wohlen (AG),
4503,Zufikon,[47.34793384  8.35766798]
631,Islisberg,[47.32151866  8.44067694]
2490,Hindelbank,[47.04280112  7.55287945]
1605,Auenstein,[47.41978621  8.12683999]
4582,Birr,[47.43174239  8.20874443]
757,Birrhard,[47.43509953  8.24303004]
804,Bözen,[47.49595576  8.08859361]
11229,Brugg,[47.47566907  8.19484167]
621,Effingen,[47.48996782  8.11236926]
294,Elfingen,[47.50904812  8.10168458]
422,Habsburg,[47.46071249  8.18592785]
463,Truttikon,[47.63336791  8.72858015]
270,Höchstetten,[47.14161801  7.63216482]
3646,Hausen (AG),
3141,Lupfig,[47.44474169  8.19685434]
334,Mandach,[47.55062847  8.18829407]
394,Mönthal,[47.51785938  8.13487487]
1086,Mülligen,[47.45186545  8.23649811]
560,Kernenried,[47.06610317  7.54767802]
1225,Remigen,[47.51917568  8.17792823]
1459,Riniken,[47.49252244  8.18300686]
841,Rüfenach,[47.50545785  8.21490587]
1346,Schinznach-Bad,
812,Thalheim (AG),
5916,Kirchberg (BE),
1518,Veltheim (AG),
2148,Villigen,[47.52703885  8.1989839 ]
1653,Villnachern,[47.47217451  8.162168  ]
7613,Windisch,[47.47587894  8.22205036]
1645,Bözberg,[47.48751061  8.14341248]
2263,Schinznach,[47.45032455  8.13088897]
2082,Koppigen,[47.13596714  7.60996514]
3361,Beinwil am See,[47.26884654  8.19984267]
1149,Birrwil,[47.29010074  8.190946  ]
1000,Burg (AG),
1260,Dürrenäsch,[47.31790309  8.153447  ]
2169,Gontenschwil,[47.26514589  8.13703838]
1474,Holziken,[47.31743558  8.03223809]
473,Leimbach (AG),
758,Leutwil,[47.30594124  8.1742603 ]
6519,Menziken,[47.23521261  8.18083239]
2401,Krauchthal,[47.00778544  7.56148893]
2725,Oberkulm,[47.29805971  8.12626751]
8781,Reinach (AG),
835,Schlossrued,[47.28642417  8.09075058]
1152,Schmiedrued,[47.26514188  8.11055702]
4427,Schöftland,[47.30509257  8.05818486]
1641,Teufenthal (AG),
3134,Unterkulm,[47.31974847  8.10362508]
1348,Zetzwil,[47.28904713  8.15822691]
1437,Lyssach,[47.06432408  7.57791434]
121,Mötschwil,
2301,Eiken,[47.53358689  7.98622279]
5655,Frick,[47.50965885  8.01392046]
1053,Gansingen,[47.53831868  8.13169904]
3646,Gipf-Oberfrick,[47.49237072  7.9961525 ]
1578,Herznach,[47.47354784  8.04619386]
971,Hornussen,[47.50193985  8.06287961]
2682,Kaisten,[47.53423709  8.05097747]
3680,Laufenburg,[47.54116569  8.09047819]
950,Münchwilen (AG),
589,Oberhof,[47.44513447  8.00700576]
1044,Oeschgen,[47.52324513  8.01680279]
685,Schwaderloch,[47.58613829  8.14355058]
1601,Sisseln,[47.552367    7.98608176]
884,Ueken,[47.48397354  8.04648775]
2970,Oberburg,[47.0222914   7.60806326]
1330,Wittnau,[47.47307055  7.96919138]
1042,Wölflinswil,[47.46074645  8.0014417 ]
1175,Zeihen,[47.47243423  8.09189035]
2035,Mettauertal,[47.55563941  8.14655649]
722,Ammerswil,[47.36822893  8.20567702]
1480,Boniswil,[47.3131236   8.18763112]
874,Brunegg,[47.42242607  8.22073925]
2254,Dintikon,[47.36007566  8.22282881]
1477,Egliswil,[47.35447444  8.18821058]
2280,Fahrwangen,[47.28569969  8.24176098]
879,Hallwil,[47.32471632  8.17759049]
1322,Hendschiken,[47.38545862  8.21674018]
1377,Holderbank (AG),
2419,Rüdtligen-Alchenflüh,[47.08207192  7.56772991]
4038,Hunzenschwil,[47.38366843  8.12412158]
10822,Lenzburg,[47.38642578  8.17872197]
2955,Meisterschwanden,[47.298349    8.23009175]
4498,Möriken-Wildegg,[47.41581985  8.18245164]
4765,Niederlenz,[47.40299405  8.17245248]
2929,Othmarsingen,[47.3997962   8.21559932]
5483,Rupperswil,[47.40056519  8.12696108]
3031,Schafisheim,[47.37368059  8.13818912]
4081,Seengen,[47.33037779  8.20883766]
5223,Seon,[47.34991916  8.15827255]
79,Rumendingen,[47.10539478  7.64227218]
3876,Staufen,[47.38236472  8.15865278]
167,Rüti bei Lyssach,[47.05422636  7.58242935]
964,Abtwil,[47.17468766  8.35493248]
1487,Aristau,[47.29091888  8.36060911]
2144,Auw,[47.21149924  8.35091586]
1176,Beinwil (Freiamt),[47.22645895  8.34215243]
631,Besenbüren,[47.31330167  8.34676901]
636,Bettwil,[47.28736638  8.27706687]
2873,Boswil,[47.29945923  8.30493462]
1113,Bünzen,[47.31709838  8.32202125]
204,Willadingen,[47.14468352  7.61380717]
1240,Buttwil,[47.26716424  8.30622283]
1333,Dietwil,[47.14942128  8.3913202 ]
221,Geltwil,[47.24867724  8.32783579]
387,Kallern,[47.31019188  8.28839546]
3667,Merenschwand,[47.25443916  8.38216531]
1209,Mühlau,[47.23484779  8.38655901]
8137,Muri (AG),
1542,Oberrüti,[47.16878578  8.39228656]
910,Rottenschwil,[47.31184302  8.36538964]
4278,Sins,[47.18269515  8.36735247]
2093,Wynigen,[47.09881375  7.69743169]
2964,Waltenschwil,[47.33230959  8.29531872]
785,Hellikon,[47.51027453  7.91805134]
5533,Kaiseraugst,[47.53453184  7.73956483]
3885,Magden,[47.52152894  7.80820745]
11047,Möhlin,[47.56558774  7.85012636]
1553,Mumpf,[47.54519468  7.91497918]
1047,Obermumpf,[47.53102073  7.93676777]
361,Olsberg,[47.52264146  7.77699698]
13503,Rheinfelden,[47.55823462  7.80327842]
802,Schupfart,[47.51222754  7.96242759]
3184,Stein (AG),
1984,Wallbach,[47.56485741  7.89827617]
1040,Wegenstetten,[47.49814944  7.93566925]
2381,Zeiningen,[47.54574163  7.87947433]
864,Zuzgen,[47.52186144  7.90116285]
8376,Aarburg,[47.32309356  7.90809697]
804,Bottenwil,[47.28228104  8.00547825]
3947,Brittnau,[47.25628786  7.92773472]
870,Kirchleerau,[47.27699746  8.07456193]
4581,Kölliken,[47.32595054  8.02169545]
899,Moosleerau,[47.26540079  8.06864126]
3013,Murgenthal,[47.25288538  7.84331138]
14101,Oftringen,[47.31160117  7.93823156]
1555,Reitnau,[47.25355662  8.02298884]
9148,Rothrist,[47.30170249  7.89591412]
3924,Safenwil,[47.32114005  7.99015679]
1301,Staffelbach,[47.2827444   8.03868066]
4870,Strengelbach,[47.28087157  7.91733952]
1346,Uerkheim,[47.30401737  8.01168298]
1977,Vordemwald,[47.26767489  7.90203594]
163,Wiliberg,[47.26713863  8.01530261]
11861,Zofingen,[47.29106125  7.96689854]
380,Volken,[47.57521543  8.62841986]
266,Baldingen,[47.55355591  8.31418035]
171,Böbikon,[47.55125141  8.33546783]
3919,Böttstein,[47.55856798  8.21961476]
4139,Döttingen,[47.56575913  8.2593006 ]
2565,Endingen,[47.53706212  8.29449363]
510,Fisibach,[47.55336698  8.40493425]
880,Full-Reuenthal,[47.6064983   8.20436977]
415,Kaiserstuhl,[47.56809892  8.41819673]
3536,Klingnau,[47.5894393   8.25119455]
1737,Corgémont,[47.19571775  7.1298129 ]
1689,Koblenz,[47.60456169  8.24142121]
1384,Leibstadt,[47.58977239  8.17917552]
2780,Lengnau (AG),
2141,Leuggern,[47.5831393   8.20699498]
229,Mellikon,[47.56228105  8.3509284 ]
973,Rekingen (AG),
717,Rietheim,[47.60209145  8.27288725]
334,Rümikon,[47.56482661  8.37934859]
1486,Schneisingen,[47.52464433  8.35980386]
636,Siglistorf,[47.53974967  8.38397234]
490,Cormoret,[47.16845183  7.04563889]
1195,Tegerfelden,[47.5605174  8.287136 ]
353,Wislikofen,[47.55343406  8.36721136]
4365,Bad Zurzach,[47.5878262   8.29266456]
688,Cortébert,[47.17336634  7.11075685]
1456,Courtelary,[47.17876401  7.07560636]
529,La Ferrière,[47.13702085  6.90161578]
109,Mont-Tramelan,[47.20728007  7.06648329]
1196,Orvin,[47.16281024  7.21917141]
14796,Arbon,[47.51907335  9.41899388]
683,Dozwil,[47.57491371  9.31569427]
927,Renan (BE),
4699,Egnach,[47.53229989  9.37100661]
1210,Hefenhofen,[47.56022612  9.31693888]
204,Romont (BE),
2901,Horn,[47.49458498  9.46150499]
999,Kesswil,[47.58750252  9.31648945]
5140,Saint-Imier,[47.15436381  6.98958321]
3095,Roggwil (TG),
11269,Romanshorn,[47.56185094  9.36239704]
1952,Sonceboz-Sombeval,[47.19264991  7.18225688]
1477,Salmsach,[47.54990167  9.35657687]
610,Sommeri,[47.57069315  9.28228687]
1237,Sonvilier,[47.1279683   6.94909852]
1893,Uttwil,[47.57819661  9.33380442]
4580,Tramelan,[47.22786702  7.10290554]
13816,Amriswil,[47.53774143  9.30364368]
5982,Bischofszell,[47.49684692  9.21527733]
3779,Erlen,[47.55817237  9.24041578]
924,Villeret,[47.16688023  7.01147422]
1993,Hauptwil-Gottshaus,[47.48945408  9.28485281]
819,Sauge,[47.18549731  7.28862192]
584,Hohentannen,[47.51898875  9.22581765]
1890,Péry-La Heutte,[47.19607062  7.25680234]
3609,Kradolf-Schönenberg,[47.51378601  9.17643027]
3918,Sulgen,[47.54124705  9.19950791]
2442,Zihlschlacht-Sitterdorf,[47.51043658  9.26827499]
1829,Basadingen-Schlattingen,[47.66206711  8.75666469]
4042,Diessenhofen,[47.67720401  8.75775014]
1777,Schlatt (TG),
9047,Aadorf,[47.49112388  8.9093635 ]
2869,Felben-Wellhausen,[47.57092168  8.93944117]
25781,Frauenfeld,[47.55086952  8.89765666]
4455,Gachnang,[47.54674066  8.85509896]
842,Hüttlingen,[47.56920445  8.99778498]
2967,Matzingen,[47.53013626  8.93225521]
1048,Neunforn,[47.6053949   8.77608361]
1224,Stettfurt,[47.52831882  8.95205342]
1488,Thundorf,[47.54623323  8.98063183]
1084,Uesslingen-Buch,[47.59276149  8.83147979]
1333,Warth-Weiningen,[47.59338364  8.8872426 ]
2285,Altnau,[47.61484906  9.26882811]
2301,Bottighofen,[47.6345866   9.21094196]
3527,Ermatingen,[47.65919462  9.08208391]
333,Gottlieben,[47.66420058  9.13011008]
1661,Güttingen,[47.60540524  9.2935236 ]
2601,Kemmental,[47.60466897  9.12645138]
22188,Kreuzlingen,[47.64166016  9.17841902]
1273,Langrickenbach,[47.59166914  9.23972446]
1744,Lengwil,[47.61233528  9.20355168]
3494,Münsterlingen,[47.62840744  9.23493819]
4762,Tägerwilen,[47.64434317  9.13246666]
1047,Wäldi,[47.62130894  9.07914976]
2606,Affeltrangen,[47.53473315  9.04644321]
1226,Bettwiesen,[47.49933061  9.01621417]
2878,Bichelsee-Balterswil,[47.45244649  8.92624869]
815,Braunau,[47.50361018  9.0687567 ]
4480,Eschlikon,[47.45734563  8.96364711]
2802,Fischingen,[47.41547948  8.94890937]
1211,Lommis,[47.51989902  8.99423441]
5680,Münchwilen (TG),
2803,Rickenbach (TG),
846,Schönholzerswilen,[47.51258753  9.12884871]
7803,Sirnach,[47.45244305  8.99902539]
1604,Tobel-Tägerschen,[47.51126136  9.04494357]
4769,Wängi,[47.49091962  8.95828975]
2521,Wilen (TG),
1118,Wuppenau,[47.4978684   9.12658909]
890,Berlingen,[47.66801695  9.02901461]
1832,Eschenz,[47.63918357  8.87164721]
1115,Herdern,[47.61750397  8.92263032]
1542,Homburg,[47.63428395  8.99089052]
1773,Hüttwilen,[47.61457794  8.85584228]
659,Mammern,[47.64011816  8.91620056]
3003,Müllheim,[47.6068366   9.00871405]
2071,Pfyn,[47.61263766  8.95429345]
413,Raperswilen,[47.63521659  9.03928411]
1369,Salenstein,[47.65960014  9.06011665]
3746,Steckborn,[47.65717585  8.99312259]
1713,Wagenhausen,[47.6537285   8.83179165]
1341,Amlikon-Bissegg,[47.55799944  9.02638282]
3449,Berg (TG),
1340,Birwinken,[47.57211795  9.21339579]
588,Brüttelen,[47.02218698  7.14633717]
3959,Bürglen (TG),
1388,Erlach,[47.04748912  7.10605131]
2458,Bussnang,[47.53288971  9.0933651 ]
581,Finsterhennen,[47.02210494  7.1730253 ]
833,Gals,[47.03952302  7.07176748]
2889,Märstetten,[47.5935204   9.09031328]
11602,Weinfelden,[47.57572355  9.12508639]
953,Gampelen,[47.00081696  7.04114064]
2464,Wigoltingen,[47.60807079  9.05655895]
3555,Ins,[47.00983261  7.1111676 ]
551,Lüscherz,[47.04854055  7.1596207 ]
1505,Müntschemier,[46.99751499  7.139618  ]
603,Siselen,[47.03736757  7.19525897]
3778,Hedingen,[47.30228816  8.45022884]
411,Treiten,[47.01110726  7.16344012]
5057,Arbedo-Castione,[46.20704749  9.07302299]
43279,Bellinzona,[46.20166283  9.03394986]
2942,Cadenazzo,[46.14752035  8.94055445]
396,Isone,[46.12869946  9.0104942 ]
472,Tschugg,[47.02447472  7.07571829]
1571,Lumino,[46.23405077  9.06660496]
2510,Sant'Antonino,[46.15485734  8.97736928]
877,Vinelz,[47.03695536  7.12215434]
1813,Acquarossa,[46.46963614  8.91532046]
1770,Blenio,[46.54667361  8.93634518]
2075,Serravalle,[46.42752782  9.03157006]
1481,Airolo,[46.54128312  8.6184639 ]
106,Bedretto,[46.47926747  8.46449047]
968,Bodio,[46.38362762  8.92024691]
171,Dalpe,[46.46005102  8.76089739]
2889,Faido,[46.44122547  8.8140034 ]
833,Giornico,[46.39332446  8.86047214]
331,Personico,[46.35013754  8.88240339]
799,Pollegio,[46.37438953  8.94188359]
409,Prato (Leventina),[46.47477146  8.72711312]
1020,Quinto,[46.52494737  8.70041027]
5497,Ascona,[46.15478965  8.73882036]
172,Brione (Verzasca),
480,Brione sopra Minusio,[46.18969031  8.8189629 ]
1695,Brissago,[46.12089547  8.68510327]
4180,Bachenbülach,[47.50167391  8.54829921]
9,Corippo,
107,Frasco,
4666,Gordola,[46.18911645  8.86707119]
1299,Lavertezzo,[46.17939181  8.88762871]
15776,Locarno,[46.18145198  8.7837483 ]
6695,Losone,[46.16930607  8.73539537]
209,Mergoscia,[46.21229863  8.83744339]
7281,Minusio,[46.18625843  8.81786734]
2675,Muralto,[46.17470317  8.80467107]
717,Orselina,[46.18373716  8.79376899]
573,Ronco sopra Ascona,[46.14355882  8.71594994]
82,Sonogno,
3223,Tenero-Contra,[46.18726195  8.83927349]
270,Vogorno,
661,Onsernone,[46.22720919  8.5703875 ]
2845,Cugnasco-Gerra,[46.19652345  8.91247583]
4403,Agno,[46.00335576  8.89850745]
376,Aranno,[46.01663387  8.87313553]
992,Arogno,[45.95356461  8.99283302]
299,Astano,[46.01117685  8.82224687]
1545,Bedano,[46.05046363  8.919831  ]
611,Bedigliora,[46.0041286  8.8381598]
2658,Bioggio,[46.01078472  8.89490127]
913,Bissone,[45.95587971  8.97086248]
459,Brusino Arsizio,[45.91851558  8.93949109]
776,Cademario,[46.01999593  8.89497008]
1536,Cadempino,[46.03262967  8.9362848 ]
2316,Canobbio,[46.036788    8.96647907]
4304,Caslano,[45.97127579  8.87612492]
2047,Comano,[46.0382676   8.95513247]
858,Croglio,[45.9896269   8.84010927]
1422,Cureglia,[46.03900844  8.94519613]
565,Curio,[46.00090374  8.86370117]
463,Grancia,[45.96772685  8.9282622 ]
1375,Gravesano,[46.04244281  8.91724701]
1727,Lamone,[46.04727274  8.93229913]
62615,Lugano,[46.01602828  8.96859031]
1627,Magliaso,[45.98157709  8.88957218]
1305,Manno,[46.03102548  8.91903041]
700,Maroggia,[45.93864552  8.97556626]
6153,Massagno,[46.01281525  8.94489463]
1437,Melano,[45.92047234  8.99744087]
1806,Melide,[45.95506869  8.94341812]
1377,Mezzovico-Vira,[46.09418576  8.91687348]
11824,Bassersdorf,[47.44118222  8.63141513]
317,Miglieglia,[46.02766264  8.85384053]
849,Monteggio,[45.99764781  8.80820902]
715,Morcote,[45.93395985  8.91316513]
810,Muzzano,[45.99617847  8.91995832]
324,Neggio,[45.98970489  8.87726446]
832,Novaggio,[46.0192252   8.84610577]
1482,Origlio,[46.05082656  8.94518862]
4303,Paradiso,[45.98774796  8.94299749]
1907,Ponte Capriasca,[46.12410671  9.05139892]
773,Ponte Tresa,[45.97041001  8.85917792]
1526,Porza,[46.02628329  8.95236077]
1348,Pura,[45.9823323   8.86569574]
817,Rovio,[45.94026248  8.99906223]
2199,Savosa,[46.01977658  8.94510716]
685,Sessa,[46.00412532  8.81759315]
1835,Sorengo,[45.99959678  8.93574547]
6737,Capriasca,[46.08437307  8.97800517]
3104,Torricella-Taverne,[46.06300362  8.92624086]
583,Vernate,[45.99598971  8.8814555 ]
1877,Vezia,[46.02540492  8.93425242]
431,Vico Morcote,[45.93157902  8.92020816]
4615,Collina d'Oro,[45.97865375  8.91783207]
1392,Alto Malcantone,[46.04057401  8.8675128 ]
4508,Monteceneri,[46.10814848  8.92678382]
3270,Balerna,[45.84469473  9.00730015]
2194,Castel San Pietro,[45.88481301  9.01813471]
7759,Chiasso,[45.82632294  9.01874584]
2903,Coldrerio,[45.85317154  8.98628314]
14870,Mendrisio,[45.88110102  8.96486655]
4517,Morbio Inferiore,[45.84982892  9.02247497]
2346,Novazzano,[45.84268235  8.97889493]
2654,Riva San Vitale,[45.91053271  8.96176781]
4510,Stabio,[45.84289286  8.93644295]
3383,Vacallo,[45.84766596  9.03655816]
1936,Breggia,[45.88459653  9.03972254]
6092,Biasca,[46.3625749   9.02886624]
4209,Riviera,[46.30542774  8.99074844]
21372,Bülach,[47.5281586   8.54018525]
49,Bosco/Gurin,[46.32229697  8.4640112 ]
51,Campo (Vallemaggia),[46.27497615  8.47769642]
45,Cerentino,[46.30881696  8.54458354]
1146,Cevio,[46.38727835  8.53695234]
47,Linescio,[46.30899216  8.57695969]
2609,Maggia,[46.26859656  8.68480301]
508,Lavizzara,[46.4176159   8.65275639]
1512,Avegno Gordevio,[46.22611849  8.77153292]
3249,Bätterkinden,[47.13485647  7.5305349 ]
91,Deisswil bei Münchenbuchsee,[47.03850319  7.4525451 ]
204,Diemerswil,[47.01985032  7.41970706]
5180,Fraubrunnen,[47.08812337  7.52017321]
2625,Terre di Pedemonte,[46.19386964  8.72126393]
1134,Centovalli,[46.14959141  8.63679805]
5136,Gambarogno,[46.11966808  8.85340919]
7847,Dietlikon,[47.42130873  8.61701077]
5761,Jegenstorf,[47.04892357  7.50447863]
10197,Aigle,[46.32176086  6.98593118]
7879,Bex,[46.25498281  7.07795299]
428,Chessel,[46.35481485  6.89268663]
434,Corbeyrier,[46.37561052  6.97939503]
1348,Gryon,[46.28990717  7.09454534]
929,Lavey-Morcles,[46.20493924  7.03492658]
3782,Leysin,[46.35050544  7.01433507]
1170,Noville,[46.39173406  6.88970499]
7555,Ollon,[46.30703521  7.05960668]
421,Iffwil,[47.06469438  7.47561368]
1142,Ormont-Dessous,[46.36688809  7.06770558]
1433,Ormont-Dessus,[46.35789967  7.13185558]
872,Rennaz,[46.3738896   6.91779436]
1827,Roche (VD),
5763,Villeneuve (VD),
1067,Yvorne,[46.33749565  6.94442008]
1460,Apples,[46.5567078   6.41787151]
3271,Aubonne,[46.50062937  6.37173777]
542,Ballens,[46.55401938  6.37754591]
300,Berolle,[46.56824728  6.3302337 ]
1593,Bière,[46.53364481  6.33589829]
473,Bougy-Villars,[46.482309    6.35217897]
860,Féchy,[46.47625866  6.37137825]
2236,Gimel,[46.5174434   6.28984041]
481,Longirod,[46.50408502  6.25852204]
575,Mattstetten,[47.02029583  7.52073992]
472,Marchissy,[46.48475688  6.24087169]
307,Mollens (VD),
536,Montherod,
1063,Saint-George,[46.52198402  6.25939354]
688,Saint-Livres,[46.51529157  6.38034188]
447,Saint-Oyens,[46.49498139  6.30082746]
422,Saubraz,[46.52098736  6.33075498]
4130,Moosseedorf,[47.00884392  7.48496717]
4295,Avenches,[46.8815403   7.04666548]
1733,Cudrefin,[46.95624714  7.01337352]
881,Faoug,[46.90277315  7.06896987]
10355,Münchenbuchsee,[47.01713684  7.44569295]
3274,Vully-les-Lacs,[46.92822224  6.99935515]
650,Bettens,[46.62151542  6.56981403]
420,Bournens,[46.61470721  6.56547675]
991,Boussens,[46.6027114   6.58711818]
395,La Chaux (Cossonay),[46.62604008  6.46608142]
152,Chavannes-le-Veyron,[46.60663745  6.44765882]
315,Chevilly,[46.64344979  6.47579124]
4044,Cossonay,[46.60809634  6.50929312]
486,Cottens (VD),
486,Cuarnens,[46.63215716  6.43774048]
1034,Daillens,[46.62441437  6.54562919]
234,Dizy,[46.6371704   6.49392374]
1219,Eclépens,[46.6562927   6.55235881]
318,Ferreyres,[46.65797205  6.48118935]
939,Gollion,[46.58440189  6.51639481]
397,Grancy,[46.59932877  6.45529791]
1009,L'Isle,[46.61642309  6.4055204 ]
459,Lussery-Villars,[46.63149124  6.52463922]
57,Mauraz,[46.60326255  6.41798246]
718,Mex (VD),
310,Moiry,[46.6519432   6.45866714]
478,Mont-la-Ville,[46.65209058  6.3776984 ]
966,Montricher,[46.59450503  6.37747085]
416,Orny,[46.66801257  6.53464086]
1103,Pampigny,[46.58910679  6.41188479]
3258,Penthalaz,[46.61485053  6.5311169 ]
1760,Penthaz,[46.59674692  6.53873565]
849,Pompaples,[46.67721201  6.5161662 ]
2646,La Sarraz,[46.65690406  6.4993351 ]
477,Senarclens,[46.59715653  6.48642994]
5339,Eglisau,[47.57537648  8.52250259]
227,Sévery,[46.57028369  6.44488635]
1034,Sullens,[46.58726927  6.57684085]
1290,Vufflens-la-Ville,[46.57734229  6.53455587]
6317,Urtenen-Schönbühl,[47.02189697  7.50143757]
1075,Assens,[46.61587197  6.62598244]
1281,Bercher,[46.69371076  6.70510471]
520,Bioley-Orjulaz,[46.61929451  6.60616808]
1298,Bottens,[46.61447394  6.65723108]
864,Bretigny-sur-Morrens,[46.60168604  6.64322278]
2765,Cugy (VD),
5726,Echallens,[46.63407437  6.63569357]
4376,Utzenstorf,[47.12662834  7.5684445 ]
1031,Essertines-sur-Yverdon,[46.72202054  6.64052476]
1144,Etagnières,[46.60418111  6.61343564]
751,Fey,[46.67231996  6.67621471]
2643,Froideville,[46.60080981  6.68338965]
1129,Morrens (VD),
615,Oulens-sous-Echallens,[46.6468724   6.57840518]
103,Wiggiswil,[47.03065701  7.47036544]
562,Pailly,[46.69528675  6.68041095]
421,Penthéréaz,[46.6869838   6.60476547]
828,Poliez-Pittet,[46.61957952  6.69390806]
265,Rueyres,[46.69922577  6.69525861]
790,Saint-Barthélemy (VD),
1227,Villars-le-Terroir,[46.67072888  6.64753248]
1054,Vuarrens,[46.69089027  6.64189392]
985,Wiler bei Utzenstorf,[47.15286016  7.55835881]
1819,Montilliez,[46.64793359  6.68767265]
1140,Goumoëns,[46.65439651  6.59694993]
490,Bonvillars,[46.84472705  6.67267092]
657,Bullet,[46.84418087  6.56131639]
1057,Champagne,[46.83480819  6.65132478]
1024,Concise,[46.85909652  6.73034096]
402,Corcelles-près-Concise,[46.84668892  6.70655242]
445,Fiez,[46.86549343  6.55270178]
215,Fontaines-sur-Grandson,[46.84603772  6.61072158]
413,Giez,[46.81521892  6.60681204]
319,Zielebach,[47.16043975  7.56886224]
221,Grandevent,[46.84654626  6.59643384]
3341,Grandson,[46.8128504   6.65357472]
120,Mauborget,[46.86585974  6.60977763]
152,Mutrux,[46.8850394   6.71872999]
100,Novalles,[46.82851656  6.59662163]
496,Onnens (VD),
378,Provence,[46.88956912  6.69697784]
4891,Sainte-Croix,[46.8251317   6.51302209]
570,Zuzwil (BE),
897,Tévenon,[46.85874731  6.63565915]
3774,Belmont-sur-Lausanne,[46.52725136  6.68676094]
4335,Cheseaux-sur-Lausanne,[46.58344602  6.59213103]
7965,Crissier,[46.56505538  6.57714591]
9695,Epalinges,[46.55438978  6.66697434]
1423,Jouxtens-Mézery,[46.55467706  6.59663414]
139408,Lausanne,[46.54288071  6.64877749]
8992,Le Mont-sur-Lausanne,[46.5627335   6.64027668]
1529,Paudex,[46.50681882  6.67292643]
12413,Prilly,[46.53761768  6.60421018]
18458,Pully,[46.52066854  6.66876097]
20886,Renens (VD),
3289,Romanel-sur-Lausanne,[46.55861943  6.60748141]
9421,Embrach,[47.50699617  8.59896559]
2234,Chexbres,[46.48183896  6.78120358]
2064,Forel (Lavaux),[46.54603012  6.76754667]
10348,Lutry,[46.50804053  6.69412718]
2869,Puidoux,[46.49704358  6.78226045]
342,Rivaz,[46.47570029  6.78039836]
3352,Adelboden,[46.47987431  7.55630247]
380,Saint-Saphorin (Lavaux),[46.4780793   6.79255141]
3352,Savigny,[46.55158321  6.71822277]
5343,Bourg-en-Lavaux,[46.49033724  6.72794277]
2244,Aeschi bei Spiez,[46.62632107  7.74605557]
539,Aclens,[46.57159151  6.51088951]
577,Bremblens,[46.55267849  6.52383891]
685,Buchillon,[46.46792821  6.4178488 ]
8930,Bussigny,[46.55237983  6.54796952]
384,Bussy-Chardonney,[46.53198714  6.44302117]
7851,Chavannes-près-Renens,[46.52670974  6.5751739 ]
382,Chigny,[46.51667104  6.48088771]
191,Clarmont,[46.54962798  6.45214731]
6940,Frutigen,[46.55927232  7.62179601]
740,Denens,[46.51639826  6.45036145]
1608,Denges,[46.52302907  6.54350978]
2733,Echandens,[46.53972186  6.54251878]
3071,Echichens,[46.5422751   6.47368485]
13079,Ecublens (VD),
2932,Etoy,[46.48288999  6.4209196 ]
986,Lavigny,[46.4969505   6.40407057]
2669,Lonay,[46.5265806   6.51984023]
818,Lully (VD),
821,Kandergrund,[46.54188636  7.66604365]
694,Lussy-sur-Morges,[46.50016661  6.44787638]
15844,Morges,[46.51191815  6.49525033]
5239,Préverenges,[46.51482058  6.52695389]
411,Reverolle,[46.54013231  6.43831987]
463,Romanel-sur-Morges,[46.55712258  6.51287352]
5766,Saint-Prex,[46.48520445  6.45239025]
4704,Saint-Sulpice (VD),
1908,Tolochenaz,[46.4966052   6.47882364]
1281,Kandersteg,[46.46815252  7.69299205]
196,Vaux-sur-Morges,[46.53682965  6.46236295]
970,Villars-Sainte-Croix,[46.56840176  6.56865224]
603,Villars-sous-Yens,[46.50628307  6.4330247 ]
883,Vufflens-le-Château,[46.52825102  6.46860845]
514,Vullierens,[46.57290787  6.48683779]
1473,Yens,[46.52338742  6.40990415]
1131,Krattigen,[46.65536406  7.73654629]
365,Boulens,[46.67904647  6.71583037]
218,Bussy-sur-Moudon,[46.69039663  6.80472025]
210,Chavannes-sur-Moudon,[46.66144577  6.82028855]
310,Curtilles,[46.69741724  6.84914987]
3624,Reichenbach im Kandertal,[46.58246064  7.73726093]
233,Dompierre (VD),
366,Hermenches,[46.6366506   6.75567256]
136,Lovatens,[46.68883511  6.86018446]
4199,Lucens,[46.7096053   6.82251896]
6067,Moudon,[46.6754147   6.79226656]
295,Ogens,[46.7087255   6.72187465]
194,Prévonloup,[46.6977483   6.88290878]
84,Rossenges,[46.65451096  6.77636985]
155,Syens,[46.64272029  6.77743214]
122,Villars-le-Comte,[46.71310796  6.80496647]
577,Vucherens,[46.62773916  6.77512545]
2719,Montanaire,[46.68580586  6.74955481]
2389,Freienstein-Teufen,[47.53989769  8.58352487]
230,Arnex-sur-Nyon,[46.3748673   6.18981671]
2807,Arzier-Le Muids,[46.46362362  6.19865681]
1386,Bassins,[46.46774781  6.22729911]
1931,Begnins,[46.44639125  6.2487738 ]
843,Bogis-Bossey,[46.35152835  6.17632378]
1128,Borex,[46.37636827  6.18159749]
1366,Chavannes-de-Bogis,[46.34219028  6.15026933]
966,Chavannes-des-Bois,[46.3179814   6.13348232]
1238,Chéserex,[46.40737918  6.16007783]
1196,Beatenberg,[46.69906063  7.79016245]
493,Coinsins,[46.42115372  6.2349857 ]
2930,Commugny,[46.32203263  6.16011663]
3239,Coppet,[46.31787828  6.18790522]
2286,Crans-près-Céligny,
1174,Crassier,[46.37925476  6.16312043]
1089,Duillier,[46.41275007  6.22687272]
1735,Eysins,[46.3792476   6.20586488]
3776,Founex,[46.3373956   6.18498987]
1997,Genolier,[46.43598671  6.22130797]
1237,Gingins,[46.4222468   6.14173807]
2528,Bönigen,[46.68586597  7.91520135]
1024,Givrins,[46.4301505   6.19736082]
13181,Gland,[46.4178924  6.2777434]
382,Grens,[46.39803478  6.18963724]
2118,Mies,[46.30443241  6.17067706]
21452,Nyon,[46.38334129  6.22853938]
4085,Prangins,[46.40207312  6.25771997]
1140,La Rippe,[46.39884923  6.13271783]
2589,Saint-Cergue,[46.44843712  6.13996157]
594,Signy-Avenex,[46.39253612  6.20531805]
1594,Tannay,[46.30977466  6.16991465]
3117,Brienz (BE),
1434,Trélex,[46.42223916  6.20062839]
1357,Le Vaud,[46.47326037  6.24025983]
1083,Vich,[46.43326156  6.2445657 ]
473,Brienzwiler,[46.71057814  8.08235924]
242,L'Abergement,[46.75520375  6.47910806]
355,Agiez,[46.72068307  6.50789367]
632,Arnex-sur-Orbe,[46.68450691  6.51125441]
1108,Ballaigues,[46.72897583  6.40796799]
1042,Baulmes,[46.78594775  6.50830077]
951,Bavois,[46.67293886  6.57311531]
194,Bofflens,[46.70080645  6.49399131]
270,Bretonnières,[46.71594334  6.46912734]
5130,Chavornay,[46.69829744  6.5980586 ]
421,Därligen,[46.65679635  7.81013372]
185,Les Clées,[46.73045078  6.46625381]
402,Croy,[46.68739421  6.48555552]
328,Juriens,[46.68163327  6.43882758]
436,Lignerolle,[46.7435553   6.44681131]
505,Montcherand,[46.73059643  6.50910069]
7018,Orbe,[46.72683131  6.5422366 ]
165,La Praz,[46.66870027  6.428866  ]
215,Premier,[46.70870156  6.44094304]
3810,Grindelwald,[46.62658082  8.02063368]
504,Rances,[46.76426254  6.51536673]
533,Romainmôtier-Envy,[46.68507384  6.46149282]
145,Sergey,[46.75345888  6.50247869]
619,Valeyres-sous-Rances,[46.75085508  6.53084512]
3835,Vallorbe,[46.71841029  6.38624721]
497,Vaulion,[46.69021071  6.38951376]
578,Vuiteboeuf,[46.79958033  6.5617299 ]
402,Gsteigwiler,[46.65116108  7.88887945]
357,Gündlischwand,[46.65506775  7.94043237]
457,Corcelles-le-Jorat,[46.60388085  6.73170961]
380,Essertes,[46.56711204  6.79149297]
648,Habkern,[46.75890699  7.89349374]
538,Maracon,[46.55797388  6.87626972]
657,Montpreveyres,[46.58285412  6.73596329]
488,Ropraz,[46.61209837  6.75452999]
1996,Servion,[46.57491701  6.7724426 ]
5217,Glattfelden,[47.56043055  8.49657685]
527,Hofstetten bei Brienz,[46.76307974  8.08066587]
614,Vulliens,[46.62725475  6.790008  ]
1591,Jorat-Menthue,[46.63418133  6.72235796]
5661,Oron,[46.55175658  6.83220368]
2951,Jorat-Mézières,[46.59448352  6.77144668]
5634,Interlaken,[46.68501963  7.8605501 ]
130,Champtauroz,[46.75859125  6.78519693]
493,Chevroux,[46.89440772  6.90858898]
2564,Corcelles-près-Payerne,[46.83797131  6.97071315]
952,Grandcour,[46.87984171  6.92851649]
373,Henniez,[46.74372207  6.89219325]
430,Iseltwald,[46.71003393  7.98042153]
360,Missy,[46.87809759  6.97018392]
10040,Payerne,[46.80718941  6.93549805]
285,Trey,[46.77634481  6.9253309 ]
111,Treytorrens (Payerne),[46.77252257  6.80693602]
451,Villarzel,[46.74620079  6.91305639]
3295,Valbroye,[46.76294607  6.84247545]
2279,Lauterbrunnen,[46.56398381  7.88954471]
3456,Château-d'Oex,[46.4597133   7.14583288]
543,Rossinière,[46.45833136  7.06408984]
858,Rougemont,[46.50112312  7.21430699]
1148,Leissigen,[46.65057863  7.77800542]
451,Allaman,[46.46735809  6.39314407]
473,Bursinel,[46.4391854   6.31041652]
783,Bursins,[46.45181601  6.28760382]
387,Burtigny,[46.47174151  6.25367726]
639,Dully,[46.43098737  6.29372922]
725,Essertines-sur-Rolle,[46.48210374  6.31426737]
1369,Gilly,[46.462191    6.29637423]
622,Luins,[46.43960363  6.27836006]
2686,Mont-sur-Rolle,[46.4724699   6.33869137]
226,Lütschental,[46.64409062  7.95265742]
1496,Perroy,[46.4693789   6.35996269]
6249,Rolle,[46.45702423  6.33727045]
230,Tartegnin,[46.46915211  6.31323035]
355,Vinzel,[46.45099192  6.27828699]
4115,Matten bei Interlaken,[46.67583817  7.86006203]
1478,L'Abbaye,[46.63768779  6.30031718]
4642,Le Chenit,[46.60797632  6.24210232]
900,Le Lieu,[46.65121014  6.29432481]
365,Niederried bei Interlaken,[46.7200849   7.92911167]
6150,Blonay,[46.47295557  6.91647612]
3026,Chardonne,[46.48345807  6.81508788]
2285,Corseaux,[46.47131709  6.82735522]
3362,Corsier-sur-Vevey,[46.48617777  6.86299503]
1543,Jongny,[46.48758311  6.84401606]
25984,Montreux,[46.44582266  6.92305645]
5247,Saint-Légier-La Chiésaz,[46.4851477   6.89220596]
11884,La Tour-de-Peilz,[46.45319431  6.86699183]
443,Oberried am Brienzersee,[46.74979407  7.96645537]
19824,Vevey,[46.4647866   6.84973085]
920,Veytaux,[46.42436568  6.94893172]
1982,Hochfelden,[47.52872785  8.51051634]
2574,Ringgenberg (BE),
374,Belmont-sur-Yverdon,[46.73312539  6.62892189]
229,Bioley-Magnoux,[46.72783318  6.715185  ]
539,Chamblon,[46.77836556  6.59752547]
691,Champvent,[46.78798769  6.56532277]
311,Chavannes-le-Chêne,[46.77608758  6.77514037]
152,Chêne-Pâquier,[46.76809492  6.77210724]
725,Cheseaux-Noréaz,[46.79377662  6.69065591]
93,Saxeten,[46.62374656  7.82149398]
394,Cronay,[46.7537904   6.70293696]
239,Cuarny,[46.77190587  6.69233865]
157,Démoret,[46.74502134  6.75863695]
824,Donneloye,[46.74426815  6.720648  ]
356,Ependes (VD),
601,Mathod,[46.76477553  6.56345003]
630,Schwanden bei Brienz,[46.76860625  8.05480421]
239,Molondin,[46.76200984  6.74841673]
747,Montagny-près-Yverdon,[46.79447549  6.60891314]
203,Oppens,[46.71586915  6.69455215]
332,Orges,[46.80792494  6.58826097]
208,Orzens,[46.7259928   6.68722358]
793,Pomy,[46.75653182  6.66638326]
185,Rovray,[46.7866663   6.76421944]
645,Suchy,[46.72042885  6.59793351]
5852,Unterseen,[46.68187993  7.82691449]
215,Suscévaz,[46.76273011  6.58481687]
491,Treycovagnes,[46.77249057  6.60777166]
225,Ursins,[46.73618868  6.67166794]
709,Valeyres-sous-Montagny,[46.79900121  6.60023659]
227,Valeyres-sous-Ursins,[46.74535784  6.65149342]
101,Villars-Epeney,[46.78355063  6.70197694]
135,Vugelles-La Mothe,[46.82402144  6.58090665]
30156,Yverdon-les-Bains,[46.77085943  6.64463308]
3432,Yvonand,[46.7982033   6.73465543]
2669,Wilderswil,[46.64160808  7.87227481]
1221,Kappel am Albis,[47.22417226  8.51256968]
2872,Höri,[47.50845741  8.50487711]
13079,Brig-Glis,[46.29937694  7.96715368]
338,Eggerberg,[46.31355194  7.88495739]
10175,Naters,[46.35781058  7.94052271]
2111,Ried-Brig,[46.29490834  8.05634389]
300,Simplon,[46.19021989  8.04997718]
971,Termen,[46.32241903  8.05098393]
74,Zwischbergen,[46.16236923  8.09850688]
930,Arni (BE),
3293,Ardon,[46.23257281  7.23520753]
3915,Chamoson,[46.21546925  7.20836632]
8837,Conthey,[46.26329267  7.27150023]
6737,Nendaz,[46.14162761  7.31778716]
6398,Vétroz,[46.23620815  7.26184187]
1815,Biglen,[46.92870557  7.62764073]
8144,Bagnes,
200,Bourg-Saint-Pierre,[45.91064306  7.22323953]
711,Liddes,[45.96871211  7.18781772]
3172,Orsières,[45.95668583  7.09160845]
1031,Sembrancher,[46.06610024  7.14650141]
2041,Vollèges,
1364,Bowil,[46.89167651  7.69990166]
375,Bellwald,[46.44066943  8.1564094 ]
134,Binn,[46.36049729  8.24239405]
492,Ernen,[46.40012078  8.17811226]
891,Fiesch,[46.4126467   8.12164935]
320,Fieschertal,[46.49484682  8.07092521]
492,Brenzikofen,[46.81453738  7.61682602]
315,Lax,[46.39458688  8.10426785]
454,Freimettigen,[46.86302268  7.62895971]
656,Obergoms,[46.51808957  8.36382162]
1184,Goms,[46.46628742  8.25203091]
4151,Grosshöchstetten,[46.90825528  7.62063363]
4094,Ayent,[46.30933509  7.41583254]
1669,Evolène,[46.04536198  7.52391676]
1421,Hérémence,[46.08680727  7.39803816]
838,Saint-Martin (VS),
1805,Vex,[46.19783502  7.39595399]
256,Häutligen,[46.85881468  7.60535548]
1110,Mont-Noble,[46.1950479   7.46823079]
1057,Hüntwangen,[47.59233553  8.50249719]
599,Herbligen,[46.82625994  7.61194386]
723,Agarn,[46.27333913  7.66561392]
240,Albinen,[46.35045269  7.63797856]
179,Ergisch,[46.24867048  7.72682972]
108,Inden,[46.35523146  7.60640539]
1012,Kiesen,[46.81309539  7.58355688]
3932,Leuk,[46.31678823  7.66454056]
1319,Leukerbad,[46.39726577  7.61703751]
125,Oberems,[46.21165891  7.68013527]
1540,Salgesch,[46.31602989  7.56989959]
658,Varen,[46.3342195   7.59467106]
408,Guttet-Feschel,[46.34058725  7.67525525]
1956,Gampel-Bratsch,[46.33695563  7.73708827]
1100,Turtmann-Unterems,[46.16943577  7.72317596]
5347,Konolfingen,[46.88780581  7.60539437]
607,Landiswil,[46.95440518  7.68719072]
915,Bovernier,[46.05974041  7.07638878]
1913,Charrat,
8731,Fully,[46.17041742  7.09026924]
832,Isérables,[46.14950874  7.25942182]
3222,Leytron,[46.19834542  7.15461936]
18297,Martigny,[46.10345233  7.07900656]
2292,Martigny-Combe,[46.07027719  7.04462643]
3159,Riddes,[46.14894786  7.23868138]
1300,Linden,[46.84833418  7.68672171]
2687,Saillon,[46.17567414  7.1760153 ]
6086,Saxon,[46.13700386  7.19362702]
165,Trient,[46.02386101  7.00236644]
626,Mirchel,[46.88997849  7.65181804]
1338,Champéry,[46.1605784   6.84081624]
9467,Collombey-Muraz,[46.27392007  6.9122369 ]
17894,Monthey,[46.25055836  6.94118886]
4201,Port-Valais,[46.37603995  6.85443647]
967,Saint-Gingolph,[46.37638373  6.81158815]
4748,Troistorrents,[46.23046617  6.89158653]
2025,Val-d'Illiez,[46.18970424  6.88835924]
2732,Vionnaz,[46.30545854  6.86137157]
4257,Vouvry,[46.33406031  6.84023518]
12935,Münsingen,[46.88769011  7.57974921]
656,Niederhünigen,[46.87197084  7.64857655]
33,Bister,[46.35022726  8.07306508]
1002,Bitsch,[46.35299422  8.00941727]
425,Grengiols,[46.34424019  8.13713454]
441,Riederalp,[46.36922713  8.0324626 ]
3533,Oberdiessbach,[46.83229534  7.64298752]
633,Ausserberg,[46.32063794  7.85046975]
292,Blatten,[46.44344705  7.86123844]
744,Bürchen,[46.27589201  7.81554303]
446,Eischoll,[46.28039713  7.76086933]
250,Ferden,[46.38259425  7.74546597]
318,Kippel,[46.39882734  7.76921247]
731,Niedergesteln,[46.33079875  7.78885494]
1945,Raron,[46.3321775   7.82242517]
20130,Kloten,[47.46267424  8.6007854 ]
723,Oberthal,[46.91688758  7.67920287]
437,Unterbäch,[46.26108313  7.77649355]
555,Wiler (Lötschen),[46.4091977   7.78334888]
695,Mörel-Filet,[46.34846882  8.0589671 ]
1603,Steg-Hohtenn,[46.33489679  7.76057801]
450,Bettmeralp,[46.41060256  8.06757974]
826,Collonges,[46.1838862   7.05920274]
1007,Dorénaz,[46.15422427  7.07009359]
1305,Evionnaz,[46.14954218  6.94175223]
372,Finhaut,[46.06118819  6.92298729]
1818,Massongex,[46.23114277  6.9803054 ]
4556,Saint-Maurice,[46.19097004  7.00055802]
1416,Salvan,[46.10992332  6.95423811]
1874,Vernayaz,[46.12959646  7.03225826]
641,Oppligen,[46.81773174  7.59547484]
774,Vérossaz,[46.20493295  6.97299703]
2877,Rubigen,[46.9037918   7.54390653]
3542,Chalais,[46.2533339  7.5338591]
1588,Chippis,[46.27275879  7.54238158]
2447,Grône,[46.2318791  7.4875155]
593,Icogne,[46.31513514  7.44288591]
4226,Lens,[46.29207693  7.45894388]
1376,Miège,
2428,Saint-Léonard,[46.26098755  7.42446704]
16842,Sierre,[46.28238456  7.50779044]
1297,Venthône,
1839,Veyras,
2717,Anniviers,[46.15663511  7.60841599]
10365,Crans-Montana,[46.31395506  7.50984267]
1768,Walkringen,[46.96392443  7.62865257]
1302,Arbaz,[46.29152329  7.37529405]
3509,Grimisuat,[46.25480672  7.38016347]
7814,Savièse,[46.28558876  7.32565695]
34710,Sion,[46.23356959  7.36197538]
590,Veysonnaz,[46.19699418  7.33705992]
11479,Worb,[46.929306    7.57384239]
1579,Zäziwil,[46.8948571  7.6692775]
1331,Baltschieder,[46.38282966  7.88567248]
194,Eisten,[46.17981307  7.91206108]
280,Embd,[46.21526265  7.79646643]
1233,Grächen,[46.1970521   7.84231063]
638,Lalden,[46.30195102  7.89509415]
435,Randa,[46.10052704  7.77031414]
363,Saas-Almagell,[46.04517738  7.98961359]
335,Saas-Balen,[46.14904069  7.93459831]
313,Oberhünigen,[46.87261275  7.67153596]
1544,Saas-Fee,[46.093571    7.90171396]
986,Saas-Grund,[46.13757439  7.97034616]
2235,St. Niklaus,[46.1647377   7.77971865]
1062,Stalden (VS),
537,Staldenried,[46.21943387  7.9014805 ]
1314,Täsch,[46.05749246  7.80201215]
488,Törbel,[46.23791655  7.83928369]
7978,Visp,[46.28912141  7.88067968]
1337,Visperterminen,[46.24763958  7.926691  ]
290,Zeneggen,[46.27677954  7.85543429]
2417,Lufingen,[47.48279314  8.59406709]
591,Allmendingen,[46.91650737  7.52076243]
5765,Zermatt,[45.98374285  7.72847555]
4354,Wichtrach,[46.84676277  7.58411264]
5602,Nürensdorf,[47.46029576  8.64450696]
6237,Boudry,[46.95478196  6.81555438]
4794,Corcelles-Cormondrèche,
4746,Cortaillod,[46.94126794  6.8481951 ]
5794,Peseux,
1243,Rochefort,[46.97743462  6.79258452]
8995,Milvignes,[46.97047133  6.86029589]
8795,La Grande-Béroche,
37494,La Chaux-de-Fonds,[47.11325103  6.81957269]
212,Les Planchettes,[47.10751414  6.76026042]
1037,La Sagne,[47.04588474  6.79638007]
1031,Les Brenets,
622,La Brévine,[46.9676313   6.57284373]
284,Brot-Plamboz,[46.99251027  6.75100975]
312,Le Cerneux-Péquignot,[47.01705606  6.66262002]
496,La Chaux-du-Milieu,[47.009037    6.69204681]
10101,Le Locle,[47.06243252  6.73206719]
1222,Les Ponts-de-Martel,[46.99433039  6.7427583 ]
1558,Cornaux,[47.0316971   7.01829472]
1898,Cressier (NE),
266,Enges,[47.06277638  7.01437327]
2652,Hauterive (NE),
4607,Le Landeron,[47.06418546  7.06916707]
980,Lignières,[47.08381188  7.05475046]
33493,Neuchâtel,[47.00030686  6.91920885]
3264,Saint-Blaise,[47.02319986  6.99015325]
5083,La Tène,[47.00785401  7.00958162]
507,Valangin,
17017,Val-de-Ruz,[47.04725888  6.90300499]
1121,Oberembrach,[47.48674814  8.63267679]
445,La Côte-aux-Fées,[46.85765197  6.49457211]
644,Les Verrières,[46.92513404  6.48762468]
10667,Val-de-Travers,[46.92470902  6.56102904]
21014,Opfikon,[47.4306771   8.57435865]
1169,Aire-la-Ville,[46.18906572  6.0461499 ]
2387,Anières,[46.27465345  6.23275823]
1712,Avully,[46.16714802  6.00042303]
1401,Avusy,[46.14535101  6.00619559]
2277,Bardonnex,[46.14912994  6.11797432]
3380,Bellevue,[46.25429184  6.13466835]
10244,Bernex,[46.18209554  6.06775208]
22621,Carouge (GE),
986,Cartigny,[46.17434575  6.03042034]
48,Clavaleyres,[46.89802166  7.09313347]
791,Céligny,[46.35394606  6.19567384]
1698,Chancy,[46.1496227   5.98030642]
12504,Chêne-Bougeries,[46.19494899  6.18725745]
8674,Chêne-Bourg,[46.19821334  6.19525847]
1188,Choulex,[46.22576647  6.21986222]
1709,Collex-Bossy,[46.28375767  6.1230689 ]
8299,Collonge-Bellerive,[46.2476144   6.21158255]
5598,Cologny,[46.21678045  6.18554075]
4631,Confignon,[46.17844978  6.08760434]
2186,Corsier (GE),
1236,Ferenbalm,[46.9486974   7.21800593]
1867,Dardagny,[46.1990855   5.98425144]
203951,Genève,[46.20523231  6.13722949]
2840,Genthod,[46.2641134   6.15022818]
12275,Le Grand-Saconnex,[46.23442623  6.12221175]
483,Gy,[46.25384291  6.27960393]
1047,Hermance,[46.29468811  6.24835398]
1241,Jussy,[46.24032557  6.2799983 ]
684,Laconnex,[46.15779613  6.03355483]
33377,Lancy,[46.18261203  6.12388398]
2116,Meinier,[46.24132538  6.23520782]
1228,Frauenkappelen,[46.94800808  7.3315132 ]
25745,Meyrin,[46.23492101  6.07558884]
19058,Onex,[46.185114   6.1006703]
3099,Perly-Certoux,[46.15698643  6.09366884]
10620,Plan-les-Ouates,[46.16368483  6.1213575 ]
3775,Pregny-Chambésy,[46.23806065  6.13863908]
723,Presinge,[46.21895214  6.25961285]
2468,Puplinge,[46.20772968  6.233588  ]
541,Russin,[46.19675542  6.01602044]
4273,Satigny,[46.21510749  6.02734596]
955,Soral,[46.14257383  6.03680183]
14182,Thônex,[46.19185923  6.20270397]
2520,Troinex,[46.16271874  6.14795908]
2577,Vandoeuvres,[46.21720966  6.20666667]
34958,Vernier,[46.20950646  6.09222642]
13411,Versoix,[46.2957662   6.13048956]
11887,Veyrier,[46.17244927  6.15451488]
264,Gurbrü,[46.9643546   7.21114283]
442,Kriechenwil,[46.9153178   7.21477493]
3168,Laupen,[46.91287803  7.24051414]
3013,Mühleberg,[46.93680789  7.2741291 ]
538,Münchenwiler,[46.912556    7.12872803]
4661,Rafz,[47.61464811  8.5398176 ]
5606,Neuenegg,[46.91140469  7.28972346]
925,Boécourt,[47.36008193  7.22255598]
261,Bourrignon,[47.39757345  7.25581104]
483,Châtillon (JU),
437,Courchapoix,[47.34742331  7.45406352]
3552,Courrendlin,[47.33120765  7.38659141]
3298,Courroux,[47.36310796  7.39202734]
372,Wileroltigen,[46.97259576  7.23641391]
2653,Courtételle,[47.34029524  7.31971971]
12566,Delémont,[47.37314797  7.33614963]
1381,Develier,[47.36251177  7.28661958]
119,Ederswiler,[47.42431806  7.334075  ]
523,Mervelier,[47.34339669  7.51805191]
105,Mettembert,[47.39767217  7.32834823]
434,Movelier,[47.406589    7.32305506]
352,Pleigne,[47.42607377  7.29514312]
674,Rossemaison,[47.34313886  7.34416279]
269,Saulcy,[47.30146084  7.1551967 ]
431,Soyhières,[47.39547491  7.38417832]
7071,Haute-Sorne,[47.3193045   7.21891943]
3205,Val Terbi,[47.33879473  7.47421924]
322,Le Bémont (JU),
1232,Les Bois,[47.1828045   6.87979138]
1533,Les Breuleux,[47.212119    7.00103603]
99,La Chaux-des-Breuleux,[47.22292764  7.02120403]
149,Les Enfers,[47.29093323  7.03299085]
504,Les Genevez (JU),
672,Lajoux (JU),
583,Montfaucon,[47.28245699  7.07575771]
494,Muriaux,[47.22977542  6.99391182]
1883,Le Noirmont,[47.21330611  6.94049071]
2632,Saignelégier,[47.26502071  6.99412277]
221,Saint-Brais,[47.30511125  7.11247586]
123,Soubey,[47.31109222  7.04316016]
1902,Alle,[47.42760572  7.12912378]
117,Beurnevésin,[47.48853119  7.13268876]
1217,Boncourt,[47.48706666  7.01117671]
652,Bonfol,[47.47444455  7.16288294]
648,Bure,[47.44079462  6.99777182]
721,Coeuve,[47.45361227  7.0956953 ]
1043,Cornol,[47.40591307  7.16198129]
303,Courchavon,[47.43704024  7.04880449]
2379,Courgenay,[47.39283379  7.11903989]
772,Courtedoux,[47.4100214   7.03127956]
179,Damphreux,[47.47290221  7.10159728]
349,Fahy,[47.41589948  6.96008377]
1696,Fontenais,[47.38796109  7.06327819]
388,Grandfontaine,[47.38517942  6.93731977]
182,Lugnez,[47.48431901  7.09789153]
2885,Rorbas,[47.5337435   8.57127153]
6563,Porrentruy,[47.42115948  7.06521992]
559,Vendlincourt,[47.45662432  7.15796164]
1238,Basse-Allaine,[47.46811589  7.0376836 ]
1263,Clos du Doubs,[47.34871044  7.11977396]
1085,Haute-Ajoie,[47.38025013  6.95316407]
291,Belprahon,[47.28555436  7.4054365 ]
1142,La Baroche,[47.40875326  7.19845211]
164,Champoz,[47.26181021  7.31399728]
201,Corcelles (BE),
16841,Wallisellen,[47.41815961  8.59546857]
1415,Court,[47.24157475  7.35678639]
499,Crémines,[47.29158196  7.45189598]
367,Eschert,[47.26966696  7.40740004]
396,Grandval,[47.27844804  7.4292639 ]
344,Loveresse,[47.24144078  7.23888425]
2378,Knonau,[47.22569069  8.46453212]
563,Wasterkingen,[47.59643633  8.47303658]
7385,Moutier,[47.2791058  7.3570531]
467,Perrefitte,[47.27892568  7.32445862]
2344,Reconvilier,[47.23004334  7.21336072]
201,Roches (BE),
644,Saicourt,[47.25137486  7.1791225 ]
152,Saules (BE),
35,Schelten,[47.3320267   7.54961672]
60,Seehof,[47.30213462  7.51306891]
1474,Wil (ZH),
288,Sorvilier,[47.23683977  7.3051893 ]
3570,Tavannes,[47.22582952  7.1876714 ]
42,Rebévelier,[47.28929206  7.18494158]
399,Petit-Val,[47.27265336  7.22124084]
4012,Valbirse,[47.23874058  7.27396266]
4535,Winkel,[47.49245637  8.56315119]
3756,La Neuveville,[47.07108792  7.10637347]
769,Nods,[47.13039656  7.09920548]
2028,Plateau de Diesse,[47.11536413  7.13475728]
2180,Aegerten,[47.11579923  7.28392791]
1682,Bellmund,[47.10132638  7.24067573]
4370,Brügg,[47.12892046  7.27437559]
476,Bühl,[47.0683082   7.24329145]
331,Epsach,[47.07063689  7.22101646]
412,Hagneck,[47.05480924  7.18476854]
313,Hermrigen,[47.0833279   7.24142133]
649,Jens,[47.09899995  7.26681065]
3968,Ipsach,[47.11748931  7.22789435]
547,Ligerz,[47.09119218  7.14245795]
391,Merzligen,[47.08792926  7.25115668]
856,Mörigen,[47.08596361  7.2066284 ]
6872,Nidau,[47.12618638  7.23689392]
2873,Orpund,[47.14260162  7.29976879]
3727,Port,[47.11348894  7.25988425]
1935,Safnern,[47.14924882  7.3191266 ]
437,Scheuren,[47.13197522  7.32889359]
670,Schwadernau,[47.12604606  7.32452428]
3318,Studen (BE),
1391,Sutz-Lattrigen,[47.09972668  7.21650925]
2890,Täuffelen,[47.06958454  7.18975973]
1032,Walperswil,[47.05400206  7.22174833]
2411,Worben,[47.10188092  7.29479935]
1163,Twann-Tüscherz,[47.10883395  7.18078373]
855,Därstetten,[46.6648496   7.48520296]
2259,Diemtigen,[46.59314951  7.54908968]
1733,Erlenbach im Simmental,[46.65466732  7.53732052]
789,Oberwil im Simmental,[46.65608952  7.42811906]
1000,Reutigen,[46.69478821  7.60705549]
12870,Spiez,[46.69821296  7.66543121]
2559,Wimmis,[46.65725293  7.63621112]
1012,Stocken-Höfen,[46.7150477   7.56956953]
254,Guttannen,[46.60547482  8.25373287]
1151,Hasliberg,[46.74808215  8.2299926 ]
1069,Innertkirchen,[46.68852829  8.30347046]
4639,Meiringen,[46.72218379  8.14582198]
550,Schattenhalb,[46.69414992  8.1741177 ]
1252,Boltigen,[46.60864948  7.35572157]
2324,Lenk,[46.43024107  7.46880786]
1330,St. Stephan,[46.50167165  7.44880508]
3040,Zweisimmen,[46.55221223  7.36221748]
645,Maschwanden,[47.23383479  8.42997985]
592,Bachs,[47.52661434  8.42803637]
1432,Boppelsen,[47.46961769  8.40462779]
6565,Buchs (ZH),
4177,Dällikon,[47.43841498  8.43071317]
970,Gsteig,[46.38702409  7.24534886]
823,Lauenen,[46.39611521  7.33865822]
6817,Saanen,[46.4928453   7.26732777]
1861,Dänikon,[47.44373445  8.40557113]
1523,Guggisberg,[46.74583613  7.35730817]
1676,Rüschegg,[46.7436358  7.3934994]
6744,Schwarzenburg,[46.82170017  7.34979362]
5966,Dielsdorf,[47.47291761  8.45451702]
11572,Belp,[46.87645343  7.50789936]
1113,Burgistein,[46.79226554  7.50486961]
1231,Gerzensee,[46.8469952   7.53776078]
859,Gurzelen,[46.77471935  7.53534045]
298,Jaberg,[46.81958166  7.56400584]
1112,Kaufdorf,[46.8392895   7.49184657]
952,Hüttikon,[47.43990965  8.39103971]
4331,Kehrsatz,[46.91088752  7.46770754]
1829,Kirchdorf (BE),
305,Kirchenthurnen,
242,Lohnstorf,
1426,Mühlethurnen,
501,Niedermuhlern,[46.85594763  7.45607146]
2565,Riggisberg,[46.79672338  7.46418559]
3175,Neerach,[47.51125674  8.47569012]
1761,Rüeggisberg,[46.82704799  7.4364852 ]
437,Rümligen,
2161,Seftigen,[46.79075109  7.5395696 ]
2526,Toffen,[46.85950437  7.48848797]
2129,Uttigen,[46.7945051   7.57391081]
3018,Wattenwil,[46.76106157  7.49678993]
1174,Wald (BE),
4993,Niederglatt,[47.49237714  8.49821096]
5200,Mettmenstetten,[47.24466938  8.47194916]
9345,Niederhasli,[47.46621032  8.49207584]
2473,Eggiwil,[46.87317323  7.79164311]
9320,Langnau im Emmental,[46.95295533  7.80813547]
2664,Lauperswil,[46.96282165  7.74510679]
1169,Röthenbach im Emmental,[46.8481099   7.74943952]
2392,Rüderswil,[46.97929264  7.72898075]
905,Schangnau,[46.80502938  7.87069865]
2624,Signau,[46.91334388  7.73669168]
1324,Trub,[46.94818165  7.88027481]
1463,Trubschachen,[46.91171617  7.84040854]
3073,Niederweningen,[47.50233105  8.37671831]
7228,Oberglatt,[47.48115233  8.51926781]
795,Amsoldingen,[46.72563572  7.58241069]
1248,Blumenstein,[46.73285009  7.49901655]
1523,Buchholterberg,[46.81657053  7.69329043]
491,Eriz,[46.78629197  7.78492305]
819,Fahrni,[46.7979707   7.65788597]
707,Heiligenschwendi,[46.75246966  7.68031605]
6927,Heimberg,[46.79511685  7.60912283]
4057,Hilterfingen,[46.74218793  7.65508922]
1790,Oberweningen,[47.50791166  8.40528658]
502,Homberg,[46.77778344  7.68382251]
229,Horrenbach-Buchen,[46.77776376  7.7733614 ]
2425,Oberhofen am Thunersee,[46.7275395   7.67753994]
464,Oberlangenegg,[46.80035173  7.74334066]
247,Pohlern,[46.71896654  7.52589742]
237,Schwendibach,
4829,Sigriswil,[46.7147803  7.7371708]
15692,Steffisburg,[46.78186016  7.64164091]
2982,Otelfingen,[47.46569172  8.39142648]
166,Teuffenthal (BE),
2471,Thierachern,[46.75269459  7.56791408]
43632,Thun,[46.74082271  7.63560596]
685,Uebeschi,[46.74025525  7.54656626]
5843,Uetendorf,[46.77291608  7.56773921]
1008,Unterlangenegg,[46.79781141  7.69812702]
233,Wachseldorn,[46.81843029  7.73407882]
329,Zwieselberg,[46.70821754  7.61928567]
777,Forst-Längenbühl,[46.76227974  7.53350926]
469,Regensberg,[47.47799784  8.42989098]
1106,Affoltern im Emmental,[47.06932959  7.73059247]
1046,Dürrenroth,[47.08191985  7.77933098]
1374,Eriswil,[47.07120009  7.85756857]
5004,Huttwil,[47.10455503  7.84582773]
4197,Lützelflüh,[47.01197882  7.71863555]
3224,Rüegsau,[47.0388974   7.69610702]
5026,Sumiswald,[47.03133427  7.79413194]
962,Trachselwald,[47.0102663  7.779111 ]
541,Walterswil (BE),
18540,Regensdorf,[47.44285046  8.4740006 ]
1108,Wyssachen,[47.07669489  7.82362155]
8233,Rümlang,[47.44419759  8.52290152]
1513,Attiswil,[47.25560559  7.61306816]
41,Berken,[47.22529651  7.7034347 ]
644,Bettenhausen,[47.17049373  7.70971469]
215,Farnern,[47.26831025  7.61385928]
342,Graben,[47.21922924  7.72161832]
1140,Heimenhausen,[47.20727578  7.69230079]
7255,Herzogenbuchsee,[47.18446264  7.70215992]
758,Schleinikon,[47.4985359   8.39126799]
610,Inkwil,[47.20190126  7.67133411]
4805,Niederbipp,[47.26725133  7.69139366]
1681,Niederönz,[47.18535297  7.6838893 ]
1750,Oberbipp,[47.25690343  7.67334903]
570,Ochlenberg,[47.14320334  7.73457938]
482,Rumisberg,[47.26825735  7.63684082]
1529,Seeberg,[47.13473257  7.69988839]
1158,Thörigen,[47.17160411  7.72920674]
1377,Schöfflisdorf,[47.50318595  8.41741505]
217,Walliswil bei Niederbipp,[47.23617478  7.6974031 ]
606,Walliswil bei Wangen,[47.22515429  7.68295904]
2321,Wangen an der Aare,[47.2310033   7.65262827]
405,Wangenried,[47.21891057  7.65950093]
2378,Wiedlisbach,[47.24674886  7.65271555]
187,Wolfisberg,
